UG_Institute,PG_Institute,PHD_Institute,Longevity,Workshops,Trainings,TotalPapers,TotalPatents,Achievements,Books,IS_Professor,IS_Assistant Professor,Dept_Applied Sciences,Dept_BBA-LLB (Hons.),Dept_BE CSE - Cyber Security,Dept_Bachelor of Business Administration,Dept_Bachelor of Commerce,Dept_Bachelor of Computer Applications(Hons),Dept_Civil Engineering,Dept_Computer Science Engineering,Dept_Computer Science and Engineering (Artificial Intelligence and Machine Learning),Dept_Electrical Engineering,Dept_Electronics & Communication Engineering,Dept_Information Technology Engineering,Dept_LLB-Hons,Dept_Master of Engineering (CSE),Dept_P.G. Department of Computer Applications,Dept_P.G. Department of Management Studies,State_Bihar,State_Delhi,State_Haryana,State_J & K,State_Jharkhand,State_Madhya Pradesh,State_Rajasthan,State_U. P.,Total_Experience,Number_of_Jobs,Number_of_Unique_Designations,Sector_Academia/Education,Sector_Defense,Sector_Government,Sector_Industry,Fitment_Score,Normalized_Fitment_Score
1,1,1,7031,6,6,89,51,89,3,1,0,0,0,0,0,0,0,0,1,0,0,0,0,0,0,0,0,0,0,0,1,0,0,0,0,2345.0,1,1,0,0,0,1,1.0,1.0
1,1,1,2471,0,2,14,0,3,0,0,1,0,0,0,0,0,0,0,0,0,0,0,1,0,0,0,0,0,0,0,1,0,0,0,0,2859.0,3,3,0,0,0,0,0.69,0.946808510638298
1,1,0,1024,2,2,0,0,0,0,0,1,0,0,0,0,0,0,0,1,0,0,0,0,0,0,0,0,0,0,0,1,0,0,0,0,0.0,0,0,0,0,0,0,0.227,0.3851063829787234
1,1,0,4486,3,3,3,0,0,0,0,1,0,0,0,0,0,0,0,0,0,0,0,1,0,0,0,0,0,0,0,1,0,0,0,0,0.0,0,0,0,0,0,0,0.558,0.8191489361702128
1,1,0,1535,2,3,8,0,1,0,0,1,0,0,0,0,0,0,0,0,0,0,0,0,0,0,1,0,0,0,0,1,0,0,0,0,0.0,1,1,0,0,0,0,0.358,0.5638297872340425
1,1,0,2473,12,13,10,0,0,0,0,1,0,0,0,0,0,0,0,0,0,0,0,0,0,0,1,0,0,0,0,1,0,0,0,0,365.0,1,1,0,0,0,0,0.561,0.823404255319149
1,1,0,3056,10,13,2,0,1,0,0,1,0,0,0,0,0,0,0,1,0,0,0,0,0,0,0,0,0,0,0,1,0,0,0,0,243.0,1,1,0,0,0,0,0.557,0.8159574468085107
1,1,0,2502,4,4,3,0,0,0,0,1,0,0,0,0,0,0,0,0,0,0,0,1,0,0,0,0,0,0,0,1,0,0,0,0,0.0,0,0,0,0,0,0,0.452,0.6702127659574468
1,1,0,3277,7,7,2,0,0,0,0,1,0,0,0,0,0,0,0,0,0,0,0,1,0,0,0,0,0,0,0,1,0,0,0,0,0.0,0,0,0,0,0,0,0.549,0.7946808510638298
0,0,0,439,0,2,0,0,0,0,0,1,0,0,0,0,0,0,0,0,0,0,0,1,0,0,0,0,0,0,0,1,0,0,0,0,0.0,0,0,0,0,0,0,0.068,0.0851063829787234
0,0,0,917,0,1,0,0,0,0,0,1,0,0,0,0,0,0,0,0,0,0,0,1,0,0,0,0,0,0,0,1,0,0,0,0,0.0,0,0,0,0,0,0,0.11,0.1606382978723404
1,1,0,7974,15,36,6,0,3,0,0,1,0,0,0,0,0,0,0,1,0,0,0,0,0,0,0,0,0,0,0,1,0,0,0,0,211.0,1,1,0,0,0,0,0.635,0.9085106382978724
1,1,0,322,0,0,0,0,0,0,0,1,0,0,0,0,0,0,0,1,0,0,0,0,0,0,0,0,0,0,0,1,0,0,0,0,0.0,0,0,0,0,0,0,0.11,0.1606382978723404
1,1,0,2821,4,7,2,0,0,0,0,1,0,0,0,0,0,0,0,0,0,0,0,1,0,0,0,0,0,0,0,1,0,0,0,0,0.0,0,0,0,0,0,0,0.499,0.7361702127659574
0,0,0,453,0,0,0,0,0,0,0,1,0,0,0,0,0,0,0,0,0,0,0,1,0,0,0,0,0,0,0,1,0,0,0,0,0.0,0,0,0,0,0,0,0.05,0.0712765957446808
0,0,0,1958,2,2,2,0,0,0,0,1,0,0,0,0,0,0,0,0,0,0,0,0,0,0,1,0,0,0,0,1,0,0,0,0,0.0,0,0,0,0,0,0,0.27,0.4478723404255319
1,0,0,860,1,1,0,0,1,0,0,1,0,0,0,0,0,0,0,1,0,0,0,0,0,0,0,0,0,0,0,1,0,0,0,0,0.0,1,1,0,0,0,0,0.149,0.2340425531914893
1,1,0,2426,10,8,0,0,3,0,0,1,0,0,0,0,0,0,0,1,0,0,0,0,0,0,0,0,0,0,0,1,0,0,0,0,0.0,0,0,0,0,0,0,0.456,0.6808510638297872
1,1,1,4533,18,37,13,0,4,0,0,1,0,0,0,0,0,0,0,1,0,0,0,0,0,0,0,0,0,0,0,1,0,0,0,0,1523.0,2,2,0,0,0,0,0.768,0.9723404255319148
1,1,1,4912,20,21,7,0,3,0,0,1,0,0,0,0,0,0,0,0,0,0,0,1,0,0,0,0,0,0,0,1,0,0,0,0,112.0,1,1,0,0,0,0,0.718,0.9531914893617022
1,0,1,1360,1,3,28,0,2,0,0,1,0,0,0,0,0,0,0,0,0,0,0,0,0,0,0,1,0,0,0,1,0,0,0,0,749.0,2,2,0,0,0,0,0.596,0.8680851063829788
1,1,0,582,0,2,3,0,1,0,0,1,0,0,0,0,0,0,0,0,0,0,0,0,0,0,0,1,0,0,0,1,0,0,0,0,827.0,1,1,0,0,0,0,0.277,0.4595744680851064
1,1,1,1382,4,5,10,0,0,0,0,1,0,0,0,0,0,0,0,0,0,0,0,0,0,0,0,1,0,0,0,1,0,0,0,0,5855.0,6,3,0,0,0,0,0.715,0.951063829787234
1,1,0,1141,5,4,0,0,0,0,0,1,0,0,0,0,0,0,0,0,0,0,0,0,0,0,0,1,0,0,0,1,0,0,0,0,578.0,1,1,0,0,0,0,0.353,0.5563829787234043
1,1,0,3025,4,7,1,0,0,0,0,1,0,0,0,0,0,0,0,0,0,0,0,0,0,0,0,1,0,0,0,1,0,0,0,0,927.0,1,1,0,0,0,0,0.582,0.8457446808510638
1,0,0,983,2,2,1,0,0,0,0,1,0,0,0,0,0,0,0,1,0,0,0,0,0,0,0,0,0,0,0,1,0,0,0,0,0.0,0,0,0,0,0,0,0.185,0.298936170212766
1,1,0,634,0,0,0,0,0,0,0,1,0,0,0,0,0,0,0,0,0,0,0,0,0,0,0,1,0,0,0,1,0,0,0,0,0.0,0,0,0,0,0,0,0.144,0.2319148936170212
0,0,0,811,0,1,2,0,0,0,0,1,0,0,0,0,0,0,0,1,0,0,0,0,0,0,0,0,0,0,0,1,0,0,0,0,0.0,0,0,0,0,0,0,0.114,0.1702127659574468
1,0,0,947,2,1,1,0,0,0,0,1,0,0,0,0,0,0,0,1,0,0,0,0,0,0,0,0,0,0,0,1,0,0,0,0,0.0,0,0,0,0,0,0,0.171,0.2712765957446808
0,0,0,135,0,0,0,0,0,0,0,1,1,0,0,0,0,0,0,0,0,0,0,0,0,0,0,0,0,0,0,1,0,0,0,0,0.0,0,0,0,0,0,0,0.015,0.0297872340425531
1,1,0,1177,4,4,1,0,0,0,0,1,0,0,0,0,0,0,0,0,0,0,0,0,0,0,0,1,0,0,0,1,0,0,0,0,189.0,1,1,0,0,0,0,0.312,0.5031914893617021
1,1,0,1034,4,3,0,0,0,0,0,1,0,0,0,0,0,0,0,0,0,0,0,0,0,0,0,1,0,0,0,1,0,0,0,0,0.0,0,0,0,0,0,0,0.258,0.4244680851063829
1,1,1,7694,10,2,8,0,5,0,1,0,1,0,0,0,0,0,0,0,0,0,0,0,0,0,0,0,0,0,0,1,0,0,0,0,0.0,0,0,0,0,0,0,0.735,0.9648936170212766
1,1,1,4540,14,8,10,0,2,0,0,1,0,0,0,0,0,0,0,0,0,0,0,1,0,0,0,0,0,0,0,1,0,0,0,0,0.0,0,0,0,0,0,0,0.735,0.9648936170212766
1,0,1,6767,9,13,22,0,2,0,0,0,1,0,0,0,0,0,0,0,0,0,0,0,0,0,0,0,0,0,0,1,0,0,0,0,0.0,0,0,0,0,0,0,0.78,0.9808510638297872
1,1,0,845,3,0,4,0,0,0,0,1,0,0,0,0,0,0,0,0,0,1,0,0,0,0,0,0,0,0,0,1,0,0,0,0,3233.0,2,2,0,0,0,0,0.535,0.774468085106383
1,1,1,2121,17,5,7,0,4,0,0,1,0,0,0,0,0,0,0,0,0,0,0,1,0,0,0,0,0,0,0,1,0,0,0,0,549.0,1,1,0,0,0,0,0.615,0.8968085106382979
1,1,1,2590,4,0,10,0,0,0,0,1,1,0,0,0,0,0,0,0,0,0,0,0,0,0,0,0,0,0,0,1,0,0,0,0,0.0,0,0,0,0,0,0,0.549,0.7946808510638298
1,0,0,270,0,0,0,0,0,0,0,1,0,0,0,0,0,0,0,0,0,0,1,0,0,0,0,0,0,0,0,1,0,0,0,0,0.0,0,0,0,0,0,0,0.06,0.0819148936170212
1,1,0,3555,12,0,4,0,0,0,0,1,0,0,0,0,0,0,0,0,0,1,0,0,0,0,0,0,0,0,0,0,1,0,0,0,0.0,0,0,0,0,0,0,0.595,0.8638297872340426
1,1,0,4745,13,2,7,0,0,0,0,1,0,0,0,0,0,0,0,0,0,0,1,0,0,0,0,0,0,0,0,1,0,0,0,0,0.0,0,0,0,0,0,0,0.628,0.902127659574468
1,1,0,177,1,1,0,0,0,0,0,1,0,0,0,0,0,0,0,0,0,0,1,0,0,0,0,0,0,0,0,1,0,0,0,0,0.0,1,1,0,0,0,0,0.114,0.1702127659574468
0,0,0,1182,1,0,0,0,0,0,0,1,0,0,0,0,0,0,0,0,0,1,0,0,0,0,0,0,0,0,0,1,0,0,0,0,0.0,0,0,0,0,0,0,0.14,0.2212765957446808
0,0,0,66,0,0,0,0,0,0,0,1,0,0,0,0,0,0,0,0,0,0,1,0,0,0,0,0,0,0,0,1,0,0,0,0,0.0,0,0,0,0,0,0,0.007,0.0202127659574468
1,0,0,276,0,0,0,0,0,0,0,1,0,0,0,0,0,0,0,0,0,0,1,0,0,0,0,0,0,0,0,1,0,0,0,0,0.0,0,0,0,0,0,0,0.06,0.0819148936170212
0,0,0,3370,1,0,1,0,0,0,0,1,0,0,0,0,0,0,0,0,0,0,1,0,0,0,0,0,0,0,0,1,0,0,0,0,0.0,0,0,0,0,0,0,0.387,0.597872340425532
1,1,0,5299,19,33,3,0,3,0,0,1,0,0,0,0,0,0,0,0,0,0,1,0,0,0,0,0,0,0,0,1,0,0,0,0,1029.0,1,1,0,0,0,0,0.612,0.8893617021276595
1,0,0,1224,1,0,0,0,0,0,0,1,0,0,0,0,0,0,0,0,0,0,1,0,0,0,0,0,0,0,0,1,0,0,0,0,0.0,0,0,0,0,0,0,0.174,0.2808510638297872
1,1,0,2767,12,4,2,0,1,0,0,1,0,0,0,0,0,0,0,0,0,0,1,0,0,0,0,0,0,0,0,1,0,0,0,0,433.0,1,1,0,0,0,0,0.546,0.7914893617021277
1,1,0,4701,20,26,9,0,0,0,0,1,0,0,0,0,0,0,0,0,0,0,1,0,0,0,0,0,0,0,0,1,0,0,0,0,1139.0,1,1,0,0,0,0,0.642,0.9127659574468086
1,1,1,5632,9,5,11,0,10,2,0,0,1,0,0,0,0,0,0,0,0,0,0,0,0,0,0,0,0,0,0,1,0,0,0,0,1883.0,1,1,1,0,0,0,0.822,0.9851063829787234
1,1,0,2172,11,1,3,0,1,0,0,1,0,0,0,0,0,0,0,0,0,0,1,0,0,0,0,0,0,0,0,1,0,0,0,0,0.0,0,0,0,0,0,0,0.441,0.6563829787234042
0,0,0,1205,0,0,0,0,0,0,0,1,1,0,0,0,0,0,0,0,0,0,0,0,0,0,0,0,0,0,0,1,0,0,0,0,0.0,0,0,0,0,0,0,0.132,0.1968085106382978
0,0,0,1664,0,0,0,0,0,0,0,1,1,0,0,0,0,0,0,0,0,0,0,0,0,0,0,0,0,0,0,1,0,0,0,0,0.0,0,0,0,0,0,0,0.182,0.2893617021276595
1,1,1,707,0,0,10,0,0,0,0,1,1,0,0,0,0,0,0,0,0,0,0,0,0,0,0,0,0,0,0,1,0,0,0,0,0.0,0,0,0,0,0,0,0.302,0.4893617021276595
0,0,0,347,0,0,0,0,0,0,0,1,1,0,0,0,0,0,0,0,0,0,0,0,0,0,0,0,0,0,0,1,0,0,0,0,0.0,0,0,0,0,0,0,0.038,0.0553191489361702
1,1,0,5572,12,14,2,0,10,0,0,1,0,0,0,0,0,0,0,1,0,0,0,0,0,0,0,0,0,0,0,1,0,0,0,0,0.0,0,0,0,0,0,0,0.64,0.9106382978723404
1,1,0,1103,2,0,0,0,0,0,0,1,1,0,0,0,0,0,0,0,0,0,0,0,0,0,0,0,0,0,0,1,0,0,0,0,0.0,0,0,0,0,0,0,0.216,0.3638297872340426
1,1,0,403,0,0,0,0,0,0,0,1,0,0,0,0,0,0,0,0,0,0,1,0,0,0,0,0,0,0,0,1,0,0,0,0,0.0,0,0,0,0,0,0,0.119,0.1776595744680851
0,0,0,715,0,1,1,0,0,0,0,1,0,0,0,0,0,0,0,0,0,0,1,0,0,0,0,0,0,0,0,1,0,0,0,0,0.0,0,0,0,0,0,0,0.096,0.1436170212765957
1,1,0,3685,14,4,2,0,1,0,0,1,0,0,0,0,0,0,0,0,0,0,1,0,0,0,0,0,0,0,0,1,0,0,0,0,631.0,2,2,0,0,0,0,0.595,0.8638297872340426
1,1,1,7905,20,31,15,0,21,0,0,0,0,0,0,0,0,0,0,1,0,0,0,0,0,0,0,0,0,0,0,1,0,0,0,0,0.0,0,0,0,0,0,0,0.812,0.9829787234042552
1,1,1,945,0,0,7,0,2,0,0,1,0,0,0,0,0,0,0,0,0,0,1,0,0,0,0,0,0,0,0,1,0,0,0,0,2771.0,4,3,0,0,0,0,0.612,0.8893617021276595
0,1,0,3976,11,2,6,0,0,0,0,1,0,0,0,0,0,0,0,0,0,1,0,0,0,0,0,0,0,0,0,1,0,0,0,0,852.0,2,1,0,0,0,0,0.59,0.851063829787234
1,1,0,5812,16,1,20,0,54,3,1,0,0,0,0,0,0,0,0,0,0,0,1,0,0,0,0,0,0,0,0,1,0,0,0,0,13196.0,1,1,0,0,0,0,0.835,0.9893617021276596
1,1,0,3831,0,1,3,0,2,0,0,1,1,0,0,0,0,0,0,0,0,0,0,0,0,0,0,0,0,0,0,1,0,0,0,0,0.0,0,0,0,0,0,0,0.518,0.7553191489361702
0,0,0,206,0,0,0,0,0,0,0,1,0,0,0,0,0,0,0,0,0,0,0,0,0,0,0,1,0,0,0,1,0,0,0,0,0.0,0,0,0,0,0,0,0.023,0.0446808510638297
0,0,0,2950,0,0,0,0,0,0,1,0,1,0,0,0,0,0,0,0,0,0,0,0,0,0,0,0,0,0,0,1,0,0,0,0,0.0,0,0,0,0,0,0,0.323,0.524468085106383
1,1,0,5456,14,10,0,0,0,0,0,1,0,0,0,0,0,0,0,0,0,0,0,0,0,0,0,1,0,0,0,1,0,0,0,0,12675.0,1,1,0,0,0,0,0.575,0.8361702127659575
1,1,0,5690,3,0,0,0,0,0,0,1,1,0,0,0,0,0,0,0,0,0,0,0,0,0,0,0,0,0,0,1,0,0,0,0,15273.0,2,2,0,0,0,0,0.505,0.7404255319148936
1,1,0,809,6,0,1,0,0,0,0,1,0,0,0,0,0,0,0,0,0,1,0,0,0,0,0,0,0,0,0,1,0,0,0,0,3105.0,6,3,0,0,0,0,0.542,0.7861702127659574
0,0,0,654,0,0,0,0,0,0,0,1,0,0,0,0,0,0,0,0,0,1,0,0,0,0,0,0,0,0,0,1,0,0,0,0,0.0,0,0,0,0,0,0,0.072,0.0872340425531914
1,1,0,3224,16,5,3,0,0,0,0,1,0,0,0,0,0,0,0,0,0,1,0,0,0,0,0,0,0,0,0,1,0,0,0,0,5160.0,3,3,0,0,0,0,0.598,0.8702127659574468
1,1,0,2988,13,1,2,0,0,0,0,1,0,0,0,0,0,0,0,0,0,1,0,0,0,0,0,0,0,0,0,1,0,0,0,0,0.0,1,1,0,0,0,0,0.517,0.752127659574468
1,1,1,2996,6,0,38,0,4,1,1,0,1,0,0,0,0,0,0,0,0,0,0,0,0,0,0,0,0,0,0,1,0,0,0,0,11365.0,1,1,0,0,0,0,0.93,0.9957446808510638
1,1,0,2758,14,7,5,0,0,0,0,1,0,0,0,0,0,0,0,0,0,1,0,0,0,0,0,0,0,0,0,1,0,0,0,0,698.0,2,1,0,0,0,0,0.591,0.8553191489361702
0,0,0,371,0,0,0,0,0,0,0,1,0,0,0,0,0,0,0,0,0,1,0,0,0,0,0,0,0,0,0,1,0,0,0,0,0.0,0,0,0,0,0,0,0.041,0.0606382978723404
1,0,0,3640,1,0,2,0,0,0,0,1,0,0,0,0,0,0,0,0,0,1,0,0,0,0,0,0,0,0,0,1,0,0,0,0,0.0,0,0,0,0,0,0,0.454,0.676595744680851
1,1,0,2968,8,0,6,0,0,0,0,1,0,0,0,0,0,0,0,0,0,1,0,0,0,0,0,0,0,0,0,1,0,0,0,0,0.0,0,0,0,0,0,0,0.525,0.7680851063829788
1,1,1,4512,12,2,8,0,0,1,0,1,0,0,0,0,0,0,0,0,0,1,0,0,0,0,0,0,0,0,0,1,0,0,0,0,0.0,0,0,0,0,0,0,0.73,0.9617021276595744
0,0,0,503,1,1,0,0,0,0,0,1,0,0,0,0,0,0,0,1,0,0,0,0,0,0,0,0,0,0,0,1,0,0,0,0,0.0,0,0,0,0,0,0,0.075,0.0914893617021276
1,1,0,4620,4,0,1,0,0,0,0,1,1,0,0,0,0,0,0,0,0,0,0,0,0,0,0,0,0,0,0,1,0,0,0,0,743.0,2,1,0,0,0,0,0.523,0.7617021276595745
1,1,0,936,3,0,0,0,0,0,0,1,1,0,0,0,0,0,0,0,0,0,0,0,0,0,0,0,0,0,0,1,0,0,0,0,910.0,1,1,0,0,0,0,0.307,0.4957446808510638
1,1,0,454,0,0,0,0,0,0,0,1,1,0,0,0,0,0,0,0,0,0,0,0,0,0,0,0,0,0,0,1,0,0,0,0,0.0,0,0,0,0,0,0,0.125,0.1829787234042553
1,1,1,3091,10,10,10,0,10,0,0,1,0,0,0,0,0,0,0,0,0,0,0,0,0,0,1,0,0,0,0,1,0,0,0,0,3124.0,4,4,0,0,0,0,0.775,0.9787234042553192
1,1,0,1670,3,7,0,0,0,0,0,1,0,0,0,0,0,0,0,0,0,0,0,0,0,0,1,0,0,0,0,1,0,0,0,0,998.0,1,1,0,0,0,0,0.467,0.6936170212765957
1,0,0,755,3,0,0,0,0,0,0,1,0,0,0,0,0,0,0,0,0,0,1,0,0,0,0,0,0,0,0,1,0,0,0,0,0.0,0,0,0,0,0,0,0.143,0.226595744680851
1,0,0,1698,4,0,0,0,0,0,0,1,0,0,0,0,0,0,0,0,0,0,1,0,0,0,0,0,0,0,0,1,0,0,0,0,0.0,0,0,0,0,0,0,0.256,0.4191489361702127
1,1,0,1670,11,2,1,0,0,0,0,1,0,0,0,0,0,0,0,0,0,0,1,0,0,0,0,0,0,0,0,1,0,0,0,0,0.0,0,0,0,0,0,0,0.366,0.5702127659574469
1,1,1,2905,4,0,1,0,1,0,0,1,1,0,0,0,0,0,0,0,0,0,0,0,0,0,0,0,0,0,0,1,0,0,0,0,1333.0,2,1,0,0,0,0,0.602,0.8765957446808511
1,1,0,400,0,1,0,0,0,0,0,1,0,0,0,0,0,0,0,1,0,0,0,0,0,0,0,0,0,0,0,1,0,0,0,0,0.0,1,1,0,0,0,0,0.129,0.1925531914893617
1,1,0,1409,6,3,0,0,0,0,0,1,0,0,0,0,0,0,0,1,0,0,0,0,0,0,0,0,0,0,0,1,0,0,0,0,0.0,0,0,0,0,0,0,0.319,0.5127659574468085
1,1,0,2542,8,9,3,0,1,0,0,1,0,0,0,0,0,0,0,1,0,0,0,0,0,0,0,0,0,0,0,1,0,0,0,0,663.0,1,1,0,0,0,0,0.554,0.8063829787234043
1,1,0,1207,10,1,3,0,1,0,0,1,0,0,0,0,0,0,0,0,0,0,1,0,0,0,0,0,0,0,0,1,0,0,0,0,0.0,1,1,0,0,0,0,0.335,0.5361702127659574
1,1,0,5139,9,7,0,0,1,0,0,1,1,0,0,0,0,0,0,0,0,0,0,0,0,0,0,0,0,0,0,1,0,0,0,0,0.0,0,0,0,0,0,0,0.58,0.8414893617021276
1,1,0,673,2,2,2,0,0,1,0,1,0,0,0,0,0,0,0,0,0,0,0,0,0,0,1,0,0,0,0,1,0,0,0,0,0.0,0,0,0,0,0,0,0.224,0.3723404255319149
1,1,0,891,5,3,1,0,0,0,0,1,0,0,0,0,0,0,0,1,0,0,0,0,0,0,0,0,0,0,0,1,0,0,0,0,1536.0,1,1,0,0,0,0,0.428,0.6425531914893617
1,1,0,3549,20,8,7,0,6,0,0,0,0,0,0,0,0,0,0,0,0,0,1,0,0,0,0,0,0,0,0,1,0,0,0,0,3450.0,4,2,0,0,0,0,0.658,0.9319148936170212
1,0,0,1759,9,13,2,0,7,0,0,1,0,0,0,0,0,0,0,0,0,0,0,0,0,0,1,0,0,0,0,1,0,0,0,0,0.0,0,0,0,0,0,0,0.373,0.5787234042553191
1,1,0,558,2,1,0,0,0,0,0,1,0,0,0,0,0,0,0,0,0,0,0,0,0,0,1,0,0,0,0,1,0,0,0,0,0.0,0,0,0,0,0,0,0.166,0.2627659574468085
1,1,0,2386,8,7,6,0,0,0,0,1,0,0,0,0,0,0,0,0,0,0,0,0,0,0,1,0,0,0,0,1,0,0,0,0,791.0,1,1,0,0,0,0,0.568,0.8319148936170213
0,1,0,1640,2,2,0,0,1,0,0,1,0,0,0,0,0,0,0,1,0,0,0,0,0,0,0,0,0,0,0,1,0,0,0,0,0.0,1,1,0,0,0,0,0.27,0.4478723404255319
0,0,0,41,0,0,0,0,0,0,1,0,0,0,0,0,0,0,0,0,0,1,0,0,0,0,0,0,0,0,0,1,0,0,0,0,0.0,0,0,0,0,0,0,0.004,0.0148936170212765
1,1,0,1520,0,0,0,0,0,0,0,1,1,0,0,0,0,0,0,0,0,0,0,0,0,0,0,0,0,0,0,1,0,0,0,0,0.0,0,0,0,0,0,0,0.242,0.4021276595744681
1,0,0,420,0,0,0,0,0,0,0,1,1,0,0,0,0,0,0,0,0,0,0,0,0,0,0,0,0,0,0,1,0,0,0,0,1975.0,1,1,0,0,0,0,0.292,0.4840425531914893
1,1,0,5485,5,7,2,0,0,0,0,1,1,0,0,0,0,0,0,0,0,0,0,0,0,0,0,0,0,0,0,1,0,0,0,0,124.0,1,1,0,0,0,0,0.59,0.851063829787234
1,1,0,399,3,0,0,0,1,0,0,1,0,0,0,0,0,0,0,0,0,0,0,1,0,0,0,0,0,0,0,1,0,0,0,0,0.0,0,0,0,0,0,0,0.154,0.2457446808510638
1,0,0,632,4,0,0,0,0,0,0,1,0,0,0,0,0,0,0,0,0,1,0,0,0,0,0,0,0,0,0,1,0,0,0,0,1646.0,1,1,0,0,0,0,0.32,0.5159574468085106
1,1,0,8012,6,5,0,0,1,0,0,0,1,0,0,0,0,0,0,0,0,0,0,0,0,0,0,0,0,0,0,1,0,0,0,0,0.0,0,0,0,0,0,0,0.58,0.8414893617021276
1,1,0,627,1,2,0,0,2,0,0,1,0,0,0,0,0,0,0,0,0,0,0,0,0,0,0,1,0,0,0,1,0,0,0,0,1842.0,2,2,0,0,0,0,0.386,0.5946808510638298
0,0,0,438,0,0,0,0,0,0,1,0,0,0,0,0,0,0,0,1,0,0,0,0,0,0,0,0,0,0,0,1,0,0,0,0,0.0,0,0,0,0,0,0,0.048,0.0659574468085106
0,0,0,231,0,1,0,0,0,0,0,1,0,0,0,0,0,0,0,1,0,0,0,0,0,0,0,0,0,0,0,1,0,0,0,0,0.0,0,0,0,0,0,0,0.035,0.051063829787234
1,0,0,542,1,0,0,0,0,0,0,1,0,0,0,0,0,0,0,1,0,0,0,0,0,0,0,0,0,0,0,1,0,0,0,0,334.0,1,1,0,0,0,0,0.136,0.2138297872340425
1,1,1,5054,0,0,0,0,0,0,1,0,0,0,0,0,0,0,0,0,0,0,0,0,0,0,1,0,0,0,0,1,0,0,0,0,0.0,0,0,0,0,0,0,0.55,0.8
1,0,0,2818,11,4,0,0,0,0,0,1,0,0,0,0,0,0,0,0,0,0,1,0,0,0,0,0,0,0,0,1,0,0,0,0,0.0,0,0,0,0,0,0,0.439,0.6531914893617021
1,1,0,935,6,3,0,0,0,0,0,1,0,0,0,0,0,0,0,0,0,0,1,0,0,0,0,0,0,0,0,1,0,0,0,0,0.0,0,0,0,0,0,0,0.267,0.4404255319148936
1,0,0,1350,8,2,0,0,0,0,0,1,0,0,0,0,0,0,0,0,0,0,1,0,0,0,0,0,0,0,0,1,0,0,0,0,0.0,0,0,0,0,0,0,0.278,0.4627659574468085
1,0,0,660,4,0,0,0,0,0,0,1,0,0,0,0,0,0,0,0,0,1,0,0,0,0,0,0,0,0,0,1,0,0,0,0,538.0,2,1,0,0,0,0,0.201,0.3319148936170212
1,1,0,1041,7,5,2,0,0,0,0,1,0,0,0,0,0,0,0,1,0,0,0,0,0,0,0,0,0,0,0,1,0,0,0,0,0.0,0,0,0,0,0,0,0.304,0.4925531914893617
1,1,0,656,6,0,0,0,0,0,0,1,0,0,0,0,0,0,0,0,0,0,0,1,0,0,0,0,0,0,0,1,0,0,0,0,0.0,0,0,0,0,0,0,0.207,0.3457446808510638
1,1,0,1524,7,4,0,0,0,0,0,1,0,0,0,0,0,0,0,1,0,0,0,0,0,0,0,0,0,0,0,1,0,0,0,0,728.0,1,1,0,0,0,0,0.422,0.6361702127659574
0,1,0,448,2,0,0,0,0,0,0,1,0,0,0,0,0,0,0,0,0,0,1,0,0,0,0,0,0,0,0,1,0,0,0,0,0.0,0,0,0,0,0,0,0.114,0.1702127659574468
1,1,0,223,0,1,0,0,0,0,0,1,0,0,0,0,0,0,0,1,0,0,0,0,0,0,0,0,0,0,0,1,0,0,0,0,0.0,0,0,0,0,0,0,0.109,0.1574468085106383
1,1,0,1114,6,4,0,0,0,0,0,1,0,0,0,0,0,0,0,1,0,0,0,0,0,0,0,0,0,0,0,1,0,0,0,0,652.0,1,1,0,0,0,0,0.369,0.574468085106383
1,1,0,3051,13,15,1,0,0,0,0,1,0,0,0,0,0,0,0,0,0,0,0,1,0,0,0,0,0,0,0,1,0,0,0,0,0.0,0,0,0,0,0,0,0.517,0.752127659574468
1,1,0,1450,12,5,1,0,0,0,0,1,0,0,0,0,0,0,0,0,0,0,0,1,0,0,0,0,0,0,0,1,0,0,0,0,0.0,0,0,0,0,0,0,0.341,0.5404255319148936
1,1,0,2994,3,0,0,0,1,0,0,1,1,0,0,0,0,0,0,0,0,0,0,0,0,0,0,0,0,0,0,1,0,0,0,0,738.0,2,2,0,0,0,0,0.51,0.7468085106382979
1,1,0,172,0,0,0,0,0,0,0,1,1,0,0,0,0,0,0,0,0,0,0,0,0,0,0,0,0,0,0,1,0,0,0,0,0.0,0,0,0,0,0,0,0.094,0.1382978723404255
1,1,1,1807,3,1,17,0,15,1,0,1,1,0,0,0,0,0,0,0,0,0,0,0,0,0,0,0,0,0,0,1,0,0,0,0,678.0,3,1,0,0,0,0,0.66,0.9351063829787234
1,1,0,808,5,3,0,0,0,0,0,1,0,0,0,0,0,0,0,1,0,0,0,0,0,0,0,0,0,0,0,1,0,0,0,0,0.0,0,0,0,0,0,0,0.244,0.4063829787234042
1,1,0,2606,4,0,0,0,1,0,0,1,1,0,0,0,0,0,0,0,0,0,0,0,0,0,0,0,0,0,0,1,0,0,0,0,4750.0,1,1,0,0,0,0,0.52,0.7585106382978724
1,1,0,2610,1,0,0,0,1,0,0,1,1,0,0,0,0,0,0,0,0,0,0,0,0,0,0,0,0,0,0,1,0,0,0,0,774.0,1,1,0,0,0,0,0.461,0.6861702127659575
1,1,0,375,6,0,0,0,1,0,0,1,0,0,0,0,0,0,0,0,0,1,0,0,0,0,0,0,0,0,0,1,0,0,0,0,0.0,0,0,0,0,0,0,0.181,0.2872340425531915
1,1,0,2405,5,9,2,0,1,0,0,1,0,0,0,0,0,0,0,1,0,0,0,0,0,0,0,0,0,0,0,1,0,0,0,0,0.0,0,0,0,0,0,0,0.459,0.6829787234042554
0,0,0,329,0,0,0,0,0,0,0,1,1,0,0,0,0,0,0,0,0,0,0,0,0,0,0,0,0,0,0,1,0,0,0,0,0.0,0,0,0,0,0,0,0.036,0.0531914893617021
0,1,1,4186,10,10,9,5,3,0,0,0,0,0,0,0,0,0,1,0,0,0,0,0,0,0,0,0,0,0,0,1,0,0,0,0,2448.0,3,3,0,0,0,0,0.747,0.9702127659574468
1,1,0,5842,11,16,6,3,1,0,0,1,0,0,0,0,0,0,1,0,0,0,0,0,0,0,0,0,0,0,0,1,0,0,0,0,430.0,2,2,0,0,0,1,0.652,0.9276595744680852
1,0,0,563,2,0,0,0,0,0,0,1,1,0,0,0,0,0,0,0,0,0,0,0,0,0,0,0,0,0,0,1,0,0,0,0,0.0,0,0,0,0,0,0,0.112,0.1659574468085106
1,1,1,4024,3,3,17,19,6,0,1,0,0,0,0,0,0,0,0,0,0,0,0,0,0,0,0,1,0,0,0,1,0,0,0,0,1105.0,3,3,0,0,0,3,0.938,0.997872340425532
1,1,1,124,2,0,0,0,0,0,0,1,0,0,0,0,0,0,0,0,0,0,0,0,0,0,0,1,0,0,0,1,0,0,0,0,1268.0,3,3,0,0,0,0,0.323,0.524468085106383
1,1,1,4032,37,27,12,1,4,0,0,1,0,0,0,0,0,0,0,0,0,0,1,0,0,0,0,0,0,0,0,1,0,0,0,0,1342.0,2,2,0,0,0,0,0.769,0.9744680851063828
1,1,0,941,3,6,0,0,0,0,0,1,0,0,0,0,0,0,0,0,0,0,0,0,0,0,1,0,0,0,0,1,0,0,0,0,0.0,0,0,0,0,0,0,0.268,0.4446808510638297
0,0,0,145,0,0,0,0,0,0,0,1,0,0,0,0,0,0,0,1,0,0,0,0,0,0,0,0,0,0,0,1,0,0,0,0,0.0,0,0,0,0,0,0,0.016,0.0329787234042553
0,0,0,523,0,0,0,0,0,0,0,1,0,0,0,0,0,0,0,0,0,1,0,0,0,0,0,0,0,0,0,1,0,0,0,0,0.0,0,0,0,0,0,0,0.057,0.0776595744680851
1,1,0,2010,8,2,4,0,0,0,0,1,0,0,0,0,0,0,0,0,0,1,0,0,0,0,0,0,0,0,0,1,0,0,0,0,155.0,1,1,0,0,0,0,0.442,0.6595744680851063
0,0,0,777,0,0,0,0,0,0,0,1,0,0,0,0,0,0,0,0,0,1,0,0,0,0,0,0,0,0,0,1,0,0,0,0,0.0,0,0,0,0,0,0,0.085,0.1234042553191489
1,1,0,777,6,0,1,0,0,0,0,1,0,0,0,0,0,0,0,0,0,1,0,0,0,0,0,0,0,0,0,1,0,0,0,0,481.0,1,1,0,0,0,0,0.28,0.4691489361702127
1,1,1,1440,7,2,2,0,3,0,0,1,0,0,0,0,0,0,0,0,0,0,1,0,0,0,0,0,0,0,0,1,0,0,0,0,196.0,1,1,0,0,0,0,0.449,0.6659574468085107
1,1,0,112,1,0,0,0,0,0,0,1,0,0,0,0,0,0,0,1,0,0,0,0,0,0,0,0,0,0,0,1,0,0,0,0,792.0,2,2,0,0,0,0,0.184,0.2946808510638298
1,1,0,1087,10,6,2,0,1,0,0,1,0,0,0,0,0,0,0,0,0,0,0,1,0,0,0,0,0,0,0,1,0,0,0,0,1970.0,4,2,0,0,0,0,0.53,0.7723404255319148
1,0,0,776,3,3,2,0,2,0,0,1,0,0,0,0,0,0,0,1,0,0,0,0,0,0,0,0,0,0,0,1,0,0,0,0,2599.0,4,3,0,0,0,0,0.485,0.7244680851063829
1,1,0,167,2,2,0,0,0,0,0,1,0,0,0,0,0,0,0,0,0,0,0,0,0,0,0,1,0,0,0,1,0,0,0,0,3410.0,3,3,0,0,0,0,0.507,0.7425531914893617
1,0,1,191,2,2,0,0,0,0,0,1,0,0,0,0,0,0,0,0,0,0,0,0,0,0,0,1,0,0,0,0,0,1,0,0,0.0,0,0,0,0,0,0,0.166,0.2627659574468085
1,1,0,365,1,4,0,0,0,0,0,1,0,0,0,0,0,0,0,0,0,0,0,0,0,0,1,0,0,0,0,1,0,0,0,0,1108.0,1,1,0,0,0,0,0.286,0.4765957446808511
1,1,0,1068,7,6,2,0,1,0,0,1,0,0,0,0,0,0,0,1,0,0,0,0,0,0,0,0,0,0,0,1,0,0,0,0,587.0,2,1,0,0,0,0,0.376,0.5808510638297872
1,1,0,477,3,3,0,0,0,0,0,1,0,0,0,0,0,0,0,1,0,0,0,0,0,0,0,0,0,0,0,1,0,0,0,0,0.0,0,0,0,0,0,0,0.187,0.3053191489361702
1,1,0,883,2,0,0,0,0,0,0,1,1,0,0,0,0,0,0,0,0,0,0,0,0,0,0,0,0,0,0,1,0,0,0,0,0.0,0,0,0,0,0,0,0.192,0.3202127659574468
1,1,1,3085,4,10,7,0,2,0,0,1,0,0,0,0,0,0,0,1,0,0,0,0,0,0,0,0,0,0,0,1,0,0,0,0,0.0,0,0,0,0,0,0,0.651,0.925531914893617
1,1,0,255,4,1,0,0,0,0,0,1,0,0,0,0,0,0,0,0,0,0,1,0,0,0,0,0,0,0,0,1,0,0,0,0,2218.0,1,1,0,0,0,0,0.396,0.6106382978723405
1,1,0,1879,12,5,1,0,0,0,0,1,0,0,0,0,0,0,0,0,0,0,1,0,0,0,0,0,0,0,0,1,0,0,0,0,1097.0,1,1,0,0,0,0,0.509,0.7446808510638298
1,1,1,2043,9,1,2,0,3,0,0,1,0,0,0,0,0,0,0,0,0,0,1,0,0,0,0,0,0,0,0,1,0,0,0,0,350.0,1,1,0,0,0,0,0.542,0.7861702127659574
0,1,0,208,0,0,0,0,0,0,0,1,0,0,0,0,0,0,0,0,0,1,0,0,0,0,0,0,0,0,0,1,0,0,0,0,1611.0,5,4,0,0,0,0,0.244,0.4063829787234042
0,0,0,457,0,0,0,0,0,0,0,0,0,0,0,0,0,0,0,0,0,0,0,0,0,0,0,1,0,0,0,1,0,0,0,0,0.0,0,0,0,0,0,0,0.05,0.0712765957446808
1,0,0,2665,4,5,0,0,0,0,0,0,0,0,0,0,0,0,0,0,0,1,0,0,0,0,0,0,0,0,0,1,0,0,0,0,0.0,0,0,0,0,0,0,0.412,0.624468085106383
1,1,1,2035,9,9,27,1,6,1,0,0,0,0,0,0,0,0,0,0,0,1,0,0,0,0,0,0,0,0,0,1,0,0,0,0,4701.0,5,5,0,0,0,0,0.912,0.9936170212765958
0,0,0,42,0,0,0,0,0,0,0,1,0,0,0,0,0,0,0,0,0,0,0,0,0,0,0,1,0,0,0,1,0,0,0,0,0.0,0,0,0,0,0,0,0.005,0.0170212765957446
1,1,1,525,1,0,1,0,0,0,0,1,0,0,0,0,0,0,0,0,0,0,0,0,0,0,0,1,0,0,0,1,0,0,0,0,0.0,0,0,0,0,0,0,0.225,0.375531914893617
1,0,0,159,0,1,0,0,0,0,0,1,0,0,0,0,0,0,0,1,0,0,0,0,0,0,0,0,0,0,0,1,0,0,0,0,0.0,0,0,0,0,0,0,0.057,0.0776595744680851
1,1,0,998,2,3,0,0,0,0,0,1,0,0,0,0,0,0,0,0,0,0,0,0,0,0,1,0,0,0,0,1,0,0,0,0,92.0,1,1,0,0,0,0,0.244,0.4063829787234042
1,1,1,89,1,0,0,0,0,0,0,1,0,0,0,0,0,0,0,0,0,0,0,0,0,0,0,1,0,0,0,1,0,0,0,0,802.0,3,3,0,0,0,0,0.258,0.4244680851063829
1,1,0,2496,4,4,5,0,0,0,0,1,0,0,0,0,0,0,0,1,0,0,0,0,0,0,0,0,0,0,0,1,0,0,0,0,4319.0,1,1,0,0,0,0,0.592,0.8585106382978723
1,1,0,1057,2,4,0,0,2,0,0,1,0,0,0,0,0,0,0,1,0,0,0,0,0,0,0,0,0,0,0,1,0,0,0,0,173.0,1,1,0,0,0,0,0.28,0.4691489361702127
1,1,1,3616,10,20,10,0,1,0,0,0,0,0,0,0,0,0,0,0,0,0,0,0,0,0,0,1,0,0,0,1,0,0,0,0,0.0,0,0,0,0,0,0,0.726,0.9595744680851064
1,1,0,912,3,4,0,0,0,0,0,1,0,0,0,0,0,0,0,1,0,0,0,0,0,0,0,0,0,0,0,1,0,0,0,0,200.0,1,1,0,0,0,0,0.267,0.4404255319148936
1,1,0,3504,7,7,0,0,0,0,0,1,1,0,0,0,0,0,0,0,0,0,0,0,0,0,0,0,0,0,0,1,0,0,0,0,577.0,3,3,0,0,0,0,0.575,0.8361702127659575
1,1,1,3503,13,26,20,0,10,0,0,0,0,0,0,0,0,0,0,0,0,0,0,0,0,0,0,1,0,0,0,1,0,0,0,0,1003.0,3,3,0,0,0,0,0.85,0.9914893617021276
1,1,0,262,3,0,0,0,0,0,0,1,0,0,0,0,0,0,0,0,0,0,1,0,0,0,0,0,0,0,0,1,0,0,0,0,483.0,1,1,0,0,0,0,0.187,0.3053191489361702
1,1,1,1256,3,5,3,0,1,0,0,1,0,0,0,0,0,0,0,1,0,0,0,0,0,0,0,0,0,0,0,1,0,0,0,0,1470.0,2,2,0,0,0,0,0.556,0.8127659574468085
1,1,0,1112,0,0,0,0,0,0,0,0,1,0,0,0,0,0,0,0,0,0,0,0,0,0,0,0,0,0,0,1,0,0,0,0,12203.0,1,1,0,0,0,0,0.475,0.7117021276595744
1,1,0,724,2,1,1,0,0,0,0,1,0,0,0,0,0,0,0,0,0,1,0,0,0,0,0,0,0,0,0,1,0,0,0,0,0.0,0,0,0,0,0,0,0.192,0.3202127659574468
1,1,0,980,3,4,1,0,0,0,0,1,0,0,0,0,0,0,0,0,0,0,0,0,0,0,0,1,0,0,0,1,0,0,0,0,194.0,1,1,0,0,0,0,0.281,0.474468085106383
1,1,0,1147,4,3,6,0,0,0,0,1,0,0,0,0,0,0,0,0,0,0,0,0,0,0,1,0,0,0,0,1,0,0,0,0,263.0,1,1,0,0,0,0,0.345,0.5446808510638298
1,1,0,1560,6,2,3,0,0,0,0,1,0,0,0,0,0,0,0,0,0,0,1,0,0,0,0,0,0,0,0,1,0,0,0,0,844.0,1,1,0,0,0,0,0.441,0.6563829787234042
1,1,0,281,0,0,0,0,0,0,0,1,0,0,0,0,0,0,0,0,0,0,0,0,0,0,1,0,0,0,0,1,0,0,0,0,0.0,0,0,0,0,0,0,0.106,0.151063829787234
1,1,0,3438,19,41,8,0,5,0,0,1,0,0,0,0,0,0,0,1,0,0,0,0,0,0,0,0,0,0,0,1,0,0,0,0,2647.0,3,2,0,0,0,0,0.66,0.9351063829787234
1,1,1,1385,1,2,3,0,1,0,0,1,1,0,0,0,0,0,0,0,0,0,0,0,0,0,0,0,0,0,0,1,0,0,0,0,1001.0,2,2,0,0,0,0,0.469,0.698936170212766
1,1,1,1251,1,0,0,0,0,0,0,0,1,0,0,0,0,0,0,0,0,0,0,0,0,0,0,0,0,0,0,1,0,0,0,0,1765.0,2,2,0,0,0,0,0.491,0.7297872340425532
1,1,0,129,1,0,0,0,0,0,0,1,0,0,0,0,0,0,0,0,0,0,1,0,0,0,0,0,0,0,0,1,0,0,0,0,244.0,1,1,0,0,0,0,0.126,0.1851063829787234
0,0,1,1474,7,2,5,0,2,0,0,1,0,0,0,0,0,0,0,0,0,0,1,0,0,0,0,0,0,0,0,1,0,0,0,0,3834.0,1,1,0,0,0,0,0.612,0.8893617021276595
1,1,0,537,0,0,2,0,0,0,0,1,1,0,0,0,0,0,0,0,0,0,0,0,0,0,0,0,0,0,0,1,0,0,0,0,561.0,1,1,0,0,0,0,0.21,0.351063829787234
1,1,0,628,3,3,4,0,0,0,0,1,0,0,0,0,0,0,0,0,0,1,0,0,0,0,0,0,0,0,0,1,0,0,0,0,3537.0,4,3,0,0,0,0,0.565,0.8276595744680851
0,0,0,67,0,0,0,0,0,0,0,1,0,0,0,0,0,0,0,0,0,0,0,0,0,0,0,1,0,0,0,1,0,0,0,0,364.0,1,1,0,0,0,0,0.047,0.0638297872340425
1,1,0,233,0,0,0,0,0,0,0,1,0,0,0,0,0,0,0,0,0,0,0,0,0,0,0,1,0,0,0,1,0,0,0,0,531.0,1,1,0,0,0,0,0.159,0.2531914893617021
0,0,0,182,0,0,0,0,0,0,0,1,0,0,0,0,0,0,0,0,0,0,0,0,0,0,0,1,0,0,0,1,0,0,0,0,0.0,0,0,0,0,0,0,0.02,0.0425531914893617
1,1,0,3122,17,17,3,0,5,0,0,1,0,0,0,0,0,0,0,0,0,0,1,0,0,0,0,0,0,0,0,1,0,0,0,0,3369.0,3,2,0,0,0,0,0.622,0.9
1,0,1,377,1,0,4,0,6,0,1,0,0,0,0,0,0,0,0,0,0,0,1,0,0,0,0,0,0,0,0,1,0,0,0,0,20014.0,8,8,0,0,0,0,0.575,0.8361702127659575
1,1,0,795,1,1,1,0,1,0,0,1,0,0,0,0,0,0,0,1,0,0,0,0,0,0,0,0,0,0,0,1,0,0,0,0,308.0,1,1,0,0,0,0,0.228,0.3904255319148936
1,1,0,324,2,0,0,0,0,0,0,1,0,0,0,0,0,0,0,0,0,0,1,0,0,0,0,0,0,0,0,1,0,0,0,0,2944.0,3,3,0,0,0,0,0.453,0.6734042553191489
1,1,0,2329,5,9,8,1,4,1,0,1,0,0,0,0,0,0,0,1,0,0,0,0,0,0,0,0,0,0,0,1,0,0,0,0,0.0,0,0,0,0,0,0,0.539,0.7797872340425532
1,1,0,665,5,1,3,0,1,0,0,1,0,0,0,0,0,0,0,0,0,0,0,1,0,0,0,0,0,0,0,1,0,0,0,0,781.0,1,1,0,0,0,0,0.321,0.5202127659574468
1,1,0,495,5,2,1,0,0,0,0,1,0,0,0,0,0,0,0,0,0,0,0,0,0,0,1,0,0,0,0,1,0,0,0,0,175.0,1,1,0,0,0,0,0.226,0.3797872340425532
1,1,0,308,2,0,0,0,0,0,0,1,0,0,0,0,0,0,0,0,0,0,0,0,0,0,1,0,0,0,0,1,0,0,0,0,0.0,0,0,0,0,0,0,0.129,0.1925531914893617
1,1,0,1965,3,4,2,0,1,0,0,1,0,0,0,0,0,0,0,1,0,0,0,0,0,0,0,0,0,0,0,1,0,0,0,0,3079.0,1,1,0,0,0,0,0.565,0.8276595744680851
1,1,1,1887,3,5,6,0,0,0,0,1,0,0,0,0,0,0,0,0,0,0,0,0,0,0,0,1,0,0,0,1,0,0,0,0,382.0,2,1,2,0,0,0,0.524,0.7638297872340426
1,1,0,1306,6,3,0,0,1,0,0,1,0,0,0,0,0,0,0,0,0,0,1,0,0,0,0,0,0,0,0,1,0,0,0,0,1136.0,1,1,0,0,0,0,0.438,0.65
1,1,0,2908,5,15,5,0,3,0,0,1,0,0,1,0,0,0,0,0,0,0,0,0,0,0,0,0,0,0,0,1,0,0,0,0,628.0,1,1,0,0,0,0,0.615,0.8968085106382979
1,1,1,494,0,1,0,0,1,0,0,1,0,0,0,0,0,0,0,0,0,0,0,0,0,0,0,1,0,0,0,1,0,0,0,0,1827.0,2,2,0,0,0,0,0.419,0.6308510638297873
1,1,0,1955,3,6,3,0,1,0,0,1,0,0,0,0,0,0,0,1,0,0,0,0,0,0,0,0,0,0,0,1,0,0,0,0,0.0,0,0,0,0,0,0,0.407,0.6170212765957447
1,1,0,149,0,0,0,0,0,0,0,1,0,0,0,0,0,0,0,1,0,0,0,0,0,0,0,0,0,0,0,1,0,0,0,0,0.0,0,0,0,0,0,0,0.091,0.1340425531914893
1,1,0,854,0,2,2,0,1,0,0,1,0,0,0,0,0,0,0,1,0,0,0,0,0,0,0,0,0,0,0,1,0,0,0,0,0.0,0,0,0,0,0,0,0.209,0.3489361702127659
1,1,0,1160,1,6,5,0,0,0,0,1,0,0,0,0,0,0,0,0,0,0,0,1,0,0,0,0,0,0,0,1,0,0,0,0,2113.0,3,2,0,0,0,0,0.541,0.7829787234042553
1,1,0,109,0,0,1,0,1,0,0,1,0,0,0,0,0,0,0,0,0,0,1,0,0,0,0,0,0,0,0,1,0,0,0,0,264.0,1,1,0,0,0,0,0.128,0.1882978723404255
1,1,0,125,0,0,0,0,1,0,0,1,0,0,0,0,0,0,0,0,0,0,1,0,0,0,0,0,0,0,0,1,0,0,0,0,951.0,1,1,0,0,0,0,0.198,0.3287234042553191
0,0,0,2352,0,0,0,0,0,0,0,1,0,0,0,0,0,0,0,1,0,0,0,0,0,0,0,0,0,0,0,1,0,0,0,0,0.0,0,0,0,0,0,0,0.258,0.4244680851063829
1,1,0,980,0,0,1,0,0,0,0,1,0,0,0,0,0,0,0,0,0,0,0,0,0,0,0,1,0,0,0,1,0,0,0,0,385.0,1,1,0,0,0,1,0.232,0.3968085106382978
1,1,0,155,0,0,2,0,0,0,0,1,0,0,0,0,0,0,0,0,0,1,0,0,0,0,0,0,0,0,0,1,0,0,0,0,1175.0,1,1,0,0,0,0,0.236,0.4
1,1,0,159,0,1,2,0,1,0,0,1,0,0,0,0,0,0,0,0,0,0,0,1,0,0,0,0,0,0,0,1,0,0,0,0,2632.0,3,2,0,0,0,0,0.411,0.6212765957446809
1,1,0,1066,2,3,2,0,1,0,0,1,0,0,0,0,0,0,0,1,0,0,0,0,0,0,0,0,0,0,0,1,0,0,0,0,1841.0,3,3,0,0,0,0,0.464,0.6893617021276596
0,1,1,2758,8,17,10,0,3,0,0,1,0,0,0,0,0,0,0,0,0,1,0,0,0,0,0,0,0,0,0,1,0,0,0,0,916.0,1,1,0,0,0,0,0.71,0.948936170212766
1,1,0,696,1,1,2,0,0,0,0,1,0,0,0,0,0,0,0,0,0,0,0,0,0,0,1,0,0,0,0,1,0,0,0,0,0.0,0,0,0,0,0,0,0.186,0.3021276595744681
1,1,0,333,2,1,2,0,2,0,0,1,0,0,0,0,0,0,0,1,0,0,0,0,0,0,0,0,0,0,0,1,0,0,0,0,0.0,0,0,0,0,0,0,0.166,0.2627659574468085
1,1,1,1089,1,0,1,0,2,0,0,1,1,0,0,0,0,0,0,0,0,0,0,0,0,0,0,0,0,0,0,1,0,0,0,0,152.0,1,1,0,0,0,0,0.314,0.5085106382978724
1,1,0,1633,6,17,1,0,0,0,0,1,0,0,0,0,0,0,0,1,0,0,0,0,0,0,0,0,0,0,0,1,0,0,0,0,1658.0,2,1,0,0,0,0,0.543,0.7893617021276595
1,1,0,254,0,1,0,0,0,0,0,1,0,0,0,0,0,0,0,0,0,0,0,1,0,0,0,0,0,0,0,1,0,0,0,0,2473.0,4,2,0,0,0,0,0.384,0.5893617021276596
1,1,0,1427,1,2,0,0,0,0,0,1,1,0,0,0,0,0,0,0,0,0,0,0,0,0,0,0,0,0,0,1,0,0,0,0,0.0,0,0,0,0,0,0,0.261,0.4297872340425532
1,1,0,2725,9,14,4,0,0,0,0,1,0,0,0,0,0,0,0,0,0,1,0,0,0,0,0,0,0,0,0,1,0,0,0,0,0.0,0,0,0,0,0,0,0.504,0.7382978723404255
1,1,1,74,0,0,0,0,1,0,0,1,0,0,0,0,0,0,0,1,0,0,0,0,0,0,0,0,0,0,0,1,0,0,0,0,2035.0,2,2,0,0,0,0,0.386,0.5946808510638298
1,1,0,592,1,1,0,0,0,0,0,1,0,0,0,0,0,0,0,0,0,1,0,0,0,0,0,0,0,0,0,1,0,0,0,0,1052.0,1,1,0,0,0,0,0.275,0.4574468085106383
1,1,1,555,1,3,8,0,0,0,0,1,0,0,0,0,0,0,0,1,0,0,0,0,0,0,0,0,0,0,0,1,0,0,0,0,91.0,1,1,0,0,0,0,0.321,0.5202127659574468
1,1,0,141,0,0,0,0,0,0,0,1,0,0,0,0,0,0,0,0,0,1,0,0,0,0,0,0,0,0,0,1,0,0,0,0,0.0,0,0,0,0,0,0,0.09,0.1308510638297872
1,1,0,34,0,0,0,0,0,0,0,1,0,0,0,0,0,0,0,1,0,0,0,0,0,0,0,0,0,0,0,1,0,0,0,0,0.0,0,0,0,0,0,0,0.079,0.1148936170212766
1,1,0,1635,1,4,1,0,0,0,0,1,0,0,0,0,0,0,0,1,0,0,0,0,0,0,0,0,0,0,0,1,0,0,0,0,0.0,0,0,0,0,0,0,0.312,0.5031914893617021
1,1,1,121,0,0,0,0,0,0,0,1,0,0,0,0,0,0,0,0,0,0,1,0,0,0,0,0,0,0,0,1,0,0,0,0,375.0,1,1,0,0,0,0,0.204,0.3414893617021277
1,1,0,125,0,0,0,0,0,0,0,1,0,0,0,0,0,0,0,0,0,0,1,0,0,0,0,0,0,0,0,1,0,0,0,0,1814.0,2,2,0,0,0,0,0.287,0.4797872340425532
0,0,0,244,0,0,0,0,0,0,0,0,1,0,0,0,0,0,0,0,0,0,0,0,0,0,0,0,0,0,0,1,0,0,0,0,0.0,0,0,0,0,0,0,0.027,0.0478723404255319
1,1,0,187,0,0,0,0,0,0,0,1,0,0,0,0,0,0,0,1,0,0,0,0,0,0,0,0,0,0,0,1,0,0,0,0,0.0,0,0,0,0,0,0,0.095,0.1404255319148936
1,1,0,664,2,2,0,0,0,0,0,1,0,0,0,0,0,0,0,0,0,0,1,0,0,0,0,0,0,0,0,1,0,0,0,0,0.0,0,0,0,0,0,0,0.188,0.3095744680851063
1,1,0,2529,13,26,2,0,0,0,0,0,0,0,0,0,0,0,0,0,0,0,0,0,0,0,1,0,0,0,0,1,0,0,0,0,4934.0,3,3,3,0,0,0,0.59,0.851063829787234
1,1,0,202,0,0,0,0,0,0,0,1,0,0,0,0,0,0,1,0,0,0,0,0,0,0,0,0,0,0,0,1,0,0,0,0,357.0,1,1,0,0,0,0,0.136,0.2138297872340425
1,1,0,730,5,6,3,0,0,0,0,1,0,0,0,0,0,0,0,0,0,0,1,0,0,0,0,0,0,0,0,1,0,0,0,0,1006.0,2,2,1,0,0,0,0.388,0.601063829787234
1,1,0,157,0,0,0,0,0,0,0,1,0,0,0,0,0,0,1,0,0,0,0,0,0,0,0,0,0,0,0,1,0,0,0,0,561.0,1,1,0,0,0,0,0.154,0.2457446808510638
1,1,1,30,0,0,0,0,0,0,0,0,0,0,0,0,0,0,0,0,0,0,1,0,0,0,0,0,0,0,0,1,0,0,0,0,1459.0,1,1,0,0,0,0,0.313,0.5063829787234042
1,1,0,17,0,0,0,0,0,0,0,1,0,0,0,0,0,0,0,0,0,1,0,0,0,0,0,0,0,0,0,1,0,0,0,0,0.0,0,0,0,0,0,0,0.077,0.102127659574468
1,1,0,374,0,2,1,0,0,0,0,1,0,0,0,0,0,0,0,0,0,0,0,1,0,0,0,0,0,0,0,1,0,0,0,0,0.0,0,0,0,0,0,0,0.143,0.226595744680851
0,1,0,2402,10,10,4,0,0,0,0,1,0,0,0,0,0,0,0,1,0,0,0,0,0,0,0,0,0,0,0,1,0,0,0,0,0.0,0,0,0,0,0,0,0.438,0.65
1,1,0,337,0,1,0,0,0,0,0,1,0,0,0,0,0,0,0,0,0,1,0,0,0,0,0,0,0,0,0,1,0,0,0,0,373.0,1,1,0,0,0,0,0.163,0.2574468085106383
1,1,0,202,0,1,1,0,0,0,0,1,0,0,0,0,0,0,0,1,0,0,0,0,0,0,0,0,0,0,0,1,0,0,0,0,0.0,0,0,0,0,0,0,0.115,0.1744680851063829
1,1,0,723,0,2,1,0,0,0,0,1,0,0,0,0,0,0,0,0,0,0,0,1,0,0,0,0,0,0,0,1,0,0,0,0,731.0,2,1,0,0,0,0,0.262,0.4329787234042553
0,1,1,2385,9,18,4,0,0,0,0,1,0,0,0,0,0,0,0,0,0,0,0,0,0,0,0,1,0,0,0,1,0,0,0,0,3163.0,2,2,0,0,0,0,0.65,0.9202127659574468
1,1,0,350,0,2,0,0,0,0,0,1,0,0,0,0,0,0,0,0,0,0,0,0,0,0,1,0,0,0,0,1,0,0,0,0,366.0,1,1,0,0,0,0,0.173,0.2787234042553191
1,1,0,314,0,1,0,0,0,0,0,1,0,0,0,0,0,0,0,0,0,1,0,0,0,0,0,0,0,0,0,1,0,0,0,0,0.0,0,0,0,0,0,0,0.119,0.1776595744680851
0,1,1,2365,7,1,0,0,1,0,1,0,0,0,0,0,0,0,0,0,0,0,0,0,0,0,0,1,0,0,0,1,0,0,0,0,14875.0,2,2,0,0,0,0,0.605,0.8787234042553191
1,1,1,2360,11,16,4,0,0,0,0,1,0,0,0,0,0,0,0,0,0,0,0,0,0,0,0,1,0,0,0,1,0,0,0,0,1490.0,1,1,0,0,0,0,0.68,0.9425531914893616
1,1,0,23,0,0,0,0,0,0,0,1,0,0,0,0,0,0,0,0,0,0,1,0,0,0,0,0,0,0,0,1,0,0,0,0,0.0,0,0,0,0,0,0,0.078,0.1085106382978723
1,1,0,41,0,0,0,0,0,0,0,1,0,0,0,0,0,0,0,1,0,0,0,0,0,0,0,0,0,0,0,1,0,0,0,0,0.0,0,0,0,0,0,0,0.079,0.1148936170212766
1,1,0,1991,13,14,0,0,0,0,0,1,1,0,0,0,0,0,0,0,0,0,0,0,0,0,0,0,0,0,0,1,0,0,0,0,0.0,0,0,0,0,0,0,0.393,0.6063829787234043
1,1,0,79,0,0,0,0,0,0,0,1,0,0,0,0,0,0,0,1,0,0,0,0,0,0,0,0,0,0,0,1,0,0,0,0,858.0,1,1,0,0,0,0,0.178,0.2840425531914893
1,1,0,346,0,2,0,0,0,0,0,1,0,0,0,0,0,0,0,0,0,0,0,1,0,0,0,0,0,0,0,1,0,0,0,0,2549.0,1,1,0,0,0,0,0.412,0.624468085106383
1,1,1,2279,0,1,0,0,0,0,0,1,1,0,0,0,0,0,0,0,0,0,0,0,0,0,0,0,0,0,0,1,0,0,0,0,798.0,1,1,0,0,1,0,0.497,0.7340425531914894
1,0,0,181,0,0,0,0,0,0,0,1,0,0,0,0,0,0,0,1,0,0,0,0,0,0,0,0,0,0,0,1,0,0,0,0,3909.0,2,2,0,0,0,0,0.43,0.6457446808510638
1,1,1,2252,2,8,0,14,0,2,0,1,0,0,0,0,0,0,0,1,0,0,0,0,0,0,0,0,0,0,0,1,0,0,0,0,0.0,0,0,0,0,0,0,0.663,0.9404255319148936
1,1,0,187,0,1,0,0,0,0,0,1,0,0,0,0,0,0,1,0,0,0,0,0,0,0,0,0,0,0,0,1,0,0,0,0,272.0,1,1,0,0,0,0,0.135,0.2074468085106383
1,1,0,486,1,2,1,0,0,0,0,1,0,0,0,0,0,0,1,0,0,0,0,0,0,0,0,0,0,0,0,1,0,0,0,0,2384.0,1,1,0,0,0,0,0.427,0.6404255319148936
1,1,1,1796,22,31,17,0,13,0,0,0,0,0,0,0,0,0,0,0,0,0,1,0,0,0,0,0,0,0,0,0,0,0,0,1,5687.0,3,3,1,0,0,2,0.828,0.9872340425531916
1,1,1,525,1,4,0,0,1,0,0,1,0,0,0,0,0,0,1,0,0,0,0,0,0,0,0,0,0,0,0,1,0,0,0,0,294.0,1,1,0,0,0,0,0.295,0.4872340425531914
1,1,1,23,0,0,0,0,0,0,0,1,0,0,0,0,0,0,1,0,0,0,0,0,0,0,0,0,0,0,0,1,0,0,0,0,0.0,0,0,0,0,0,0,0.153,0.2425531914893617
1,1,1,1047,1,1,4,0,0,0,0,0,1,0,0,0,0,0,0,0,0,0,0,0,0,0,0,0,0,0,0,1,0,0,0,0,4124.0,3,2,0,0,0,0,0.6,0.874468085106383
1,1,1,485,0,2,5,0,1,1,1,0,0,0,0,0,0,0,0,0,0,0,1,0,0,0,0,0,0,0,0,1,0,0,0,0,5739.0,5,4,0,0,0,0,0.633,0.9063829787234042
0,0,0,75,0,0,0,0,0,0,0,1,0,0,0,0,0,0,0,0,0,0,1,0,0,0,0,0,0,0,0,1,0,0,0,0,0.0,0,0,0,0,0,0,0.008,0.0234042553191489
1,1,0,45,0,1,0,0,0,0,0,1,0,0,0,0,0,0,1,0,0,0,0,0,0,0,0,0,0,0,0,1,0,0,0,0,0.0,0,0,0,0,0,0,0.09,0.1308510638297872
1,1,0,703,5,2,1,0,0,0,0,1,0,0,0,0,0,0,1,0,0,0,0,0,0,0,0,0,0,0,0,1,0,0,0,0,0.0,0,0,0,0,0,0,0.23,0.3936170212765957
1,1,0,25,0,0,0,0,0,0,0,1,0,0,0,0,0,0,0,0,0,1,0,0,0,0,0,0,0,0,0,1,0,0,0,0,0.0,0,0,0,0,0,0,0.078,0.1085106382978723
1,1,0,2044,6,4,1,0,0,0,0,1,0,0,0,0,0,0,0,1,0,0,0,0,0,0,0,0,0,0,0,1,0,0,0,0,2191.0,1,1,1,0,0,0,0.582,0.8457446808510638
1,1,0,1498,9,12,1,0,0,0,0,1,0,0,0,0,0,0,0,0,0,0,0,0,0,0,1,0,0,0,0,1,0,0,0,0,0.0,0,0,0,0,0,0,0.347,0.5468085106382978
1,0,0,103,0,0,0,0,0,0,0,0,0,0,0,0,0,0,0,0,0,1,0,0,0,0,0,0,0,0,0,1,0,0,0,0,0.0,0,0,0,0,0,0,0.041,0.0606382978723404
1,1,1,96,0,1,0,0,0,0,0,1,0,0,0,0,0,0,0,0,0,1,0,0,0,0,0,0,0,1,0,0,0,0,0,0,513.0,2,1,2,0,0,0,0.227,0.3851063829787234
1,1,0,1702,5,6,1,0,0,0,0,1,0,0,0,0,0,0,0,1,0,0,0,0,0,0,0,0,0,0,0,1,0,0,0,0,735.0,1,1,0,0,0,1,0.45,0.6680851063829787
1,1,0,278,1,2,1,0,0,0,0,1,0,0,0,0,0,0,1,0,0,0,0,0,0,0,0,0,0,0,0,1,0,0,0,0,0.0,0,0,0,0,0,0,0.143,0.226595744680851
1,1,0,278,1,2,1,0,0,0,0,1,0,0,0,0,0,0,1,0,0,0,0,0,0,0,0,0,0,0,0,1,0,0,0,0,0.0,0,0,0,0,0,0,0.143,0.226595744680851
1,1,0,637,3,0,2,0,0,0,0,1,0,0,0,0,0,0,0,1,0,0,0,0,0,0,0,0,0,0,0,1,0,0,0,0,0.0,0,0,0,0,0,0,0.19,0.3170212765957447
1,1,0,73,0,0,0,0,0,0,0,1,0,0,0,0,0,0,0,1,0,0,0,0,0,0,0,0,0,0,0,1,0,0,0,0,3733.0,4,4,1,0,1,2,0.475,0.7117021276595744
1,1,1,355,0,0,0,0,0,0,0,1,1,0,0,0,0,0,0,0,0,0,0,0,0,0,0,0,0,0,0,1,0,0,0,0,132.0,1,1,1,0,0,0,0.203,0.3361702127659574
1,1,0,60,0,0,0,0,0,0,0,1,0,0,0,0,0,0,0,1,0,0,0,0,0,0,0,0,0,0,0,1,0,0,0,0,271.0,1,1,1,0,0,0,0.111,0.1638297872340425
1,0,0,1155,0,0,0,0,0,0,0,0,0,0,0,0,0,0,0,1,0,0,0,0,0,0,0,0,0,0,0,1,0,0,0,0,0.0,0,0,0,0,0,0,0.157,0.25
1,0,0,287,0,0,0,0,0,0,0,0,0,0,0,0,0,0,0,1,0,0,0,0,0,0,0,0,0,0,0,1,0,0,0,0,2618.0,4,4,2,0,1,1,0.348,0.548936170212766
1,1,0,504,0,0,0,0,0,0,0,1,0,0,0,0,0,0,0,0,0,1,0,0,0,0,0,0,0,0,0,1,0,0,0,0,3710.0,3,3,1,0,0,2,0.475,0.7117021276595744
1,1,0,516,0,0,0,0,0,1,0,1,0,0,0,0,0,0,0,0,0,1,0,0,0,0,0,0,0,0,0,1,0,0,0,0,6.0,1,1,0,0,1,0,0.152,0.2404255319148936
1,1,1,490,1,2,1,1,1,0,0,1,0,0,0,0,0,0,0,0,0,1,0,0,0,0,0,0,0,0,0,0,0,0,0,1,2575.0,2,2,1,0,0,1,0.537,0.776595744680851
1,1,1,7,0,0,0,0,0,0,0,1,0,0,0,0,0,0,1,0,0,0,0,0,0,0,0,0,0,0,0,1,0,0,0,0,0.0,0,0,0,0,0,0,0.151,0.2372340425531915
1,1,1,120,0,1,0,0,0,0,1,0,0,0,0,0,0,0,0,0,0,0,1,0,0,0,0,0,0,0,0,1,0,0,0,0,6017.0,8,6,8,0,0,0,0.56,0.8212765957446808
0,0,0,66,0,0,0,0,0,0,1,0,0,0,0,0,0,0,0,1,0,0,0,0,0,0,0,0,0,0,0,1,0,0,0,0,0.0,0,0,0,0,0,0,0.007,0.0202127659574468
1,1,0,56,1,0,0,0,0,0,0,1,0,0,0,0,0,0,0,1,0,0,0,0,0,0,0,0,0,0,0,1,0,0,0,0,385.0,1,1,1,0,0,0,0.133,0.201063829787234
1,1,0,607,0,0,0,0,0,0,0,1,0,0,0,0,0,0,0,1,0,0,0,0,0,0,0,0,0,0,0,1,0,0,0,0,1516.0,5,3,5,0,0,0,0.308,0.4978723404255319
1,1,0,207,0,1,0,0,0,0,0,1,0,0,0,0,0,0,1,0,0,0,0,0,0,0,0,0,0,0,0,1,0,0,0,0,2721.0,5,3,4,0,0,1,0.406,0.6148936170212767
1,1,0,2510,0,0,0,0,0,0,0,1,0,0,0,0,0,0,0,0,0,0,1,0,0,0,0,0,0,0,0,1,0,0,0,0,0.0,0,0,0,0,0,0,0.35,0.5531914893617021
1,1,0,1892,13,17,1,0,1,0,0,1,0,0,0,0,0,0,0,1,0,0,0,0,0,0,0,0,0,0,0,1,0,0,0,0,212.0,1,1,1,0,0,0,0.418,0.6276595744680851
1,1,1,19,0,2,0,0,0,0,0,1,0,0,0,0,0,0,0,0,0,0,1,0,0,0,0,0,0,0,0,1,0,0,0,0,0.0,0,0,0,0,0,0,0.172,0.275531914893617
1,1,1,343,0,0,0,0,0,0,0,1,0,0,0,0,0,0,0,0,0,0,1,0,0,0,0,0,0,0,0,1,0,0,0,0,1211.0,1,1,1,0,0,0,0.32,0.5159574468085106
1,1,0,1,0,0,0,0,0,0,0,1,0,0,0,0,0,0,1,0,0,0,0,0,0,0,0,0,0,0,0,1,0,0,0,0,0.0,0,0,0,0,0,0,0.075,0.0914893617021276
1,1,0,1540,11,7,0,0,0,0,0,1,1,0,0,0,0,0,0,0,0,0,0,0,0,0,0,0,0,0,0,1,0,0,0,0,711.0,4,3,0,0,4,0,0.422,0.6361702127659574
1,1,0,27,0,0,0,0,0,0,0,1,0,0,0,0,0,0,0,1,0,0,0,0,0,0,0,0,0,0,0,1,0,0,0,0,2882.0,2,1,2,0,0,0,0.394,0.6085106382978723
1,1,0,37,0,0,0,0,0,0,0,1,0,0,0,0,0,0,0,0,0,0,0,1,0,0,0,0,0,0,0,1,0,0,0,0,1270.0,3,2,2,0,0,1,0.218,0.3680851063829787
1,1,0,129,0,0,0,0,0,0,0,1,0,0,0,0,0,0,0,0,0,1,0,0,0,0,0,0,0,0,0,1,0,0,0,0,421.0,2,1,2,0,0,0,0.135,0.2074468085106383
1,1,0,1122,0,1,0,0,0,0,0,1,0,0,0,0,0,0,0,0,0,1,0,0,0,0,0,0,0,0,0,1,0,0,0,0,2735.0,4,2,3,0,0,1,0.485,0.7244680851063829
1,1,0,255,0,0,0,0,0,0,0,1,1,0,0,0,0,0,0,0,0,0,0,0,0,0,0,0,0,0,0,1,0,0,0,0,0.0,0,0,0,0,0,0,0.103,0.1489361702127659
1,1,1,852,0,0,1,0,0,0,0,1,0,0,0,0,0,0,0,1,0,0,0,0,0,0,0,0,0,0,0,1,0,0,0,0,2739.0,3,3,1,0,0,2,0.551,0.8042553191489362
1,1,0,508,1,1,0,0,0,0,0,1,0,0,0,0,0,0,1,0,0,0,0,0,0,0,0,0,0,0,0,1,0,0,0,0,0.0,0,0,0,0,0,0,0.151,0.2372340425531915
1,1,0,152,0,0,0,0,0,0,0,1,0,0,0,0,0,0,1,0,0,0,0,0,0,0,0,0,0,0,0,1,0,0,0,0,0.0,0,0,0,0,0,0,0.092,0.1361702127659574
1,1,0,148,0,0,0,0,0,0,0,1,0,0,0,0,0,0,1,0,0,0,0,0,0,0,0,0,0,0,0,1,0,0,0,0,1024.0,2,1,2,0,0,0,0.203,0.3361702127659574
1,1,1,1450,10,12,7,0,0,1,0,0,0,0,0,0,0,0,0,0,0,1,0,0,0,0,0,0,0,0,0,1,0,0,0,0,3152.0,5,3,5,0,0,0,0.722,0.9563829787234044
1,1,0,604,1,1,0,0,0,0,0,1,0,0,0,0,0,0,1,0,0,0,0,0,0,0,0,0,0,0,0,1,0,0,0,0,0.0,0,0,0,0,0,0,0.161,0.2553191489361702
1,1,0,103,0,0,0,0,0,0,0,1,0,0,0,0,0,0,0,0,0,0,1,0,0,0,0,0,0,0,0,1,0,0,0,0,0.0,0,0,0,0,0,0,0.086,0.126595744680851
1,1,1,109,0,0,0,0,0,0,0,1,0,0,0,0,0,0,0,0,0,1,0,0,0,0,0,0,0,0,0,1,0,0,0,0,1845.0,1,1,1,0,0,0,0.364,0.5659574468085107
1,1,0,1652,15,22,3,0,0,0,0,1,0,0,0,0,0,0,0,0,0,0,1,0,0,0,0,0,0,0,0,1,0,0,0,0,1054.0,1,1,1,0,0,0,0.494,0.7319148936170212
0,1,0,104,0,0,0,0,0,0,0,1,0,0,0,0,0,0,1,0,0,0,0,0,0,0,0,0,0,0,0,1,0,0,0,0,0.0,0,0,0,0,0,0,0.056,0.0744680851063829
1,1,1,277,1,4,1,0,1,0,0,1,0,0,0,0,0,0,0,0,0,1,0,0,0,0,0,0,0,0,0,1,0,0,0,0,1605.0,2,2,2,0,0,0,0.419,0.6308510638297873
1,1,0,569,8,1,0,0,0,0,0,1,0,0,0,0,0,0,1,0,0,0,0,0,0,0,0,0,0,0,0,1,0,0,0,0,0.0,0,0,0,0,0,0,0.227,0.3851063829787234
1,1,1,489,1,0,0,0,0,0,1,0,0,0,0,0,0,0,1,0,0,0,0,0,0,0,0,0,0,0,0,1,0,0,0,0,2292.0,5,5,4,0,0,1,0.465,0.6914893617021277
0,0,0,1930,0,0,0,0,0,0,1,0,0,0,0,0,0,0,0,0,0,0,0,0,0,0,0,1,0,0,0,1,0,0,0,0,0.0,0,0,0,0,0,0,0.212,0.3553191489361702
1,0,1,184,0,0,1,0,1,0,0,1,0,0,0,0,0,0,0,0,0,1,0,0,0,0,0,0,0,0,0,1,0,0,0,0,455.0,1,1,1,0,0,0,0.188,0.3095744680851063
0,0,0,88,0,0,0,0,0,0,0,0,1,0,0,0,0,0,0,0,0,0,0,0,0,0,0,0,0,0,0,1,0,0,0,0,0.0,0,0,0,0,0,0,0.01,0.025531914893617
1,1,0,1499,2,18,6,0,0,0,0,1,0,0,0,0,0,0,0,0,0,1,0,0,0,0,0,0,0,0,0,1,0,0,0,0,178.0,1,1,1,0,0,0,0.404,0.6127659574468085
1,1,1,1485,5,8,5,1,11,0,1,0,0,0,0,0,0,0,0,0,0,0,1,0,0,0,0,0,0,0,0,1,0,0,0,0,7576.0,6,6,4,0,0,2,0.746,0.9680851063829788
1,1,1,107,0,1,0,0,0,0,0,1,0,0,0,0,0,0,1,0,0,0,0,0,0,0,0,0,0,0,0,1,0,0,0,0,2283.0,2,2,2,0,0,0,0.422,0.6361702127659574
1,1,0,319,5,12,2,0,2,0,0,1,0,0,0,0,0,0,1,0,0,0,0,0,0,0,0,0,0,0,0,1,0,0,0,0,1989.0,2,1,0,0,0,2,0.453,0.6734042553191489
0,1,1,1185,4,18,2,0,2,0,0,1,0,0,0,0,0,0,0,0,0,0,0,0,0,1,0,0,0,0,0,1,0,0,0,0,2948.0,1,1,1,0,0,0,0.645,0.9148936170212766
1,1,0,677,5,3,0,0,0,0,0,1,0,0,0,0,0,0,0,0,0,0,0,0,0,0,0,1,0,0,0,1,0,0,0,0,342.0,1,1,0,0,0,1,0.267,0.4404255319148936
0,1,1,428,0,2,0,0,0,0,0,1,0,0,0,0,1,0,0,0,0,0,0,0,0,0,0,0,0,0,0,1,0,0,0,0,1306.0,1,1,0,0,1,0,0.33,0.5340425531914894
1,1,1,1131,22,41,13,1,3,0,1,0,0,0,0,0,0,0,1,0,0,0,0,0,0,0,0,0,0,0,0,1,0,0,0,0,9791.0,10,8,9,0,0,1,0.772,0.9765957446808512
1,1,1,575,5,24,1,0,1,0,0,0,0,0,0,0,0,0,0,1,0,0,0,0,0,0,0,0,0,0,0,1,0,0,0,0,3241.0,6,6,3,0,0,3,0.662,0.9382978723404256
1,1,0,16,0,0,0,0,0,0,0,1,1,0,0,0,0,0,0,0,0,0,0,0,0,0,0,0,0,0,0,1,0,0,0,0,0.0,0,0,0,0,0,0,0.077,0.102127659574468
0,1,0,1139,0,0,0,0,0,0,0,1,1,0,0,0,0,0,0,0,0,0,0,0,0,0,0,0,0,0,0,1,0,0,0,0,3336.0,4,4,1,0,0,3,0.445,0.6617021276595745
1,1,1,1131,0,0,0,0,0,0,0,1,0,1,0,0,0,0,0,0,0,0,0,0,0,0,0,0,0,0,0,1,0,0,0,0,1427.0,2,2,0,0,0,2,0.43,0.6457446808510638
1,1,0,765,2,3,0,0,0,0,0,1,0,0,0,0,1,0,0,0,0,0,0,0,0,0,0,0,0,0,0,1,0,0,0,0,4132.0,4,4,0,0,0,4,0.525,0.7680851063829788
1,1,0,599,0,0,0,0,0,0,0,1,0,0,0,0,0,0,1,0,0,0,0,0,0,0,0,0,0,0,0,1,0,0,0,0,475.0,2,2,2,0,0,0,0.193,0.3234042553191489
1,1,0,1112,8,10,1,0,1,0,0,1,0,0,0,0,0,0,1,0,0,0,0,0,0,0,0,0,0,0,0,1,0,0,0,0,716.0,1,1,1,0,0,0,0.388,0.601063829787234
1,1,1,298,7,3,3,0,6,1,0,0,0,0,0,0,0,0,0,0,0,0,1,0,0,0,0,0,0,0,0,1,0,0,0,0,4381.0,7,4,7,0,0,0,0.722,0.9563829787234044
1,1,0,1112,14,11,2,0,1,0,0,1,0,0,0,0,0,0,1,0,0,0,0,0,0,0,0,0,0,0,0,1,0,0,0,0,1475.0,2,2,2,0,0,0,0.479,0.7191489361702128
0,1,0,125,0,0,0,0,0,0,0,1,0,0,0,0,0,0,1,0,0,0,0,0,0,0,0,0,0,0,0,1,0,0,0,0,3018.0,4,2,2,0,0,2,0.389,0.6042553191489362
1,1,0,1054,15,11,2,0,1,0,0,1,0,0,0,0,0,0,1,0,0,0,0,0,0,0,0,0,0,0,0,1,0,0,0,0,1257.0,3,3,1,0,0,2,0.448,0.6638297872340425
1,1,1,312,0,8,0,0,0,0,0,1,0,0,0,0,0,0,0,0,0,0,0,0,0,0,0,1,0,0,0,1,0,0,0,0,0.0,0,0,0,0,0,0,0.264,0.4361702127659574
0,0,1,12,0,0,0,0,0,0,0,1,0,0,0,0,0,0,0,0,0,0,0,0,0,0,0,1,0,0,0,1,0,0,0,0,0.0,0,0,0,0,0,0,0.076,0.0968085106382978
1,1,1,429,2,7,0,0,0,0,0,1,0,0,0,0,1,0,0,0,0,0,0,0,0,0,0,0,0,0,0,1,0,0,0,0,2973.0,5,1,5,0,0,0,0.613,0.8936170212765957
1,1,1,37,0,0,0,0,0,0,0,1,0,0,0,0,0,0,0,0,0,0,0,0,0,0,0,1,0,0,0,1,0,0,0,0,264.0,1,1,1,0,0,0,0.183,0.2914893617021276
1,1,0,196,0,0,0,0,0,0,0,1,1,0,0,0,0,0,0,0,0,0,0,0,0,0,0,0,0,0,0,1,0,0,0,0,0.0,0,0,0,0,0,0,0.096,0.1436170212765957
1,1,1,926,2,2,18,3,3,0,0,1,0,0,0,0,0,0,0,0,1,0,0,0,0,0,0,0,0,0,0,1,0,0,0,0,0.0,0,0,0,0,0,0,0.468,0.6957446808510638
1,1,1,24,0,0,0,0,0,0,0,1,1,0,0,0,0,0,0,0,0,0,0,0,0,0,0,0,0,0,0,1,0,0,0,0,904.0,1,1,1,0,0,0,0.252,0.4159574468085106
1,1,1,90,0,1,0,0,0,0,0,1,0,0,0,0,0,0,0,0,0,0,0,0,0,0,0,1,0,0,0,1,0,0,0,0,0.0,0,0,0,0,0,0,0.17,0.2680851063829787
1,1,1,486,5,2,1,0,1,0,0,0,0,0,0,0,0,0,0,0,0,0,0,0,0,0,0,1,0,0,0,1,0,0,0,0,4507.0,6,5,4,0,1,1,0.632,0.9042553191489362
0,0,0,27,0,0,0,0,0,0,0,1,0,0,0,0,0,0,0,1,0,0,0,0,0,0,0,0,0,0,0,1,0,0,0,0,0.0,0,0,0,0,0,0,0.003,0.0095744680851063
1,1,1,505,6,9,0,0,0,0,0,1,0,0,0,0,0,0,0,0,0,0,0,0,0,0,0,1,0,0,0,0,0,1,0,0,1900.0,2,1,2,0,0,0,0.514,0.7489361702127659
1,1,0,899,10,28,0,1,3,0,0,1,0,0,0,0,0,0,0,1,0,0,0,0,0,0,0,0,0,0,0,1,0,0,0,0,3664.0,2,1,2,0,0,0,0.599,0.8723404255319149
0,0,0,26,0,0,0,0,0,0,0,1,0,0,0,0,0,0,0,1,0,0,0,0,0,0,0,0,0,0,0,1,0,0,0,0,0.0,0,0,0,0,0,0,0.003,0.0095744680851063
1,1,0,886,5,4,0,0,1,0,0,1,0,0,0,0,0,0,0,1,0,0,0,0,0,0,0,0,0,0,0,1,0,0,0,0,121.0,1,1,0,0,1,0,0.28,0.4691489361702127
0,0,0,2,0,0,0,0,0,0,0,1,0,0,0,0,0,0,0,1,0,0,0,0,0,0,0,0,0,0,0,1,0,0,0,0,0.0,0,0,0,0,0,0,0.0,0.002127659574468
1,1,0,570,4,3,0,0,0,0,0,1,0,0,0,0,0,0,1,0,0,0,0,0,0,0,0,0,0,0,0,1,0,0,0,0,2413.0,3,3,3,0,0,0,0.472,0.7042553191489361
0,1,0,161,0,2,0,0,0,0,0,1,0,0,0,0,1,0,0,0,0,0,0,0,0,0,0,0,0,0,0,1,0,0,0,0,1602.0,1,1,0,0,0,1,0.258,0.4244680851063829
1,1,1,868,8,8,2,0,1,0,0,1,0,0,0,0,0,0,0,0,0,0,0,0,0,0,0,1,0,0,0,1,0,0,0,0,1590.0,3,3,3,0,0,0,0.539,0.7797872340425532
0,0,0,18,0,0,0,0,0,0,0,1,0,0,0,0,0,0,1,0,0,0,0,0,0,0,0,0,0,0,0,1,0,0,0,0,0.0,0,0,0,0,0,0,0.002,0.0042553191489361
0,0,0,28,0,0,0,0,0,0,0,1,0,0,0,0,0,0,1,0,0,0,0,0,0,0,0,0,0,0,0,1,0,0,0,0,0.0,0,0,0,0,0,0,0.003,0.0095744680851063
1,1,1,851,6,27,0,0,0,0,0,0,0,0,0,0,1,0,0,0,0,0,0,0,0,0,0,0,0,0,0,1,0,0,0,0,4305.0,2,2,1,0,0,0,0.65,0.9202127659574468
1,1,0,851,1,5,0,10,0,1,0,1,0,0,0,0,0,0,0,1,0,0,0,0,0,0,0,0,0,0,0,1,0,0,0,0,2339.0,4,4,0,0,2,2,0.595,0.8638297872340426
1,1,0,117,0,0,0,0,0,0,0,1,0,0,0,0,0,0,0,1,0,0,0,0,0,0,0,0,0,0,0,1,0,0,0,0,399.0,1,1,1,0,0,0,0.132,0.1968085106382978
1,1,0,851,0,0,0,0,0,0,0,1,1,0,0,0,0,0,0,0,0,0,0,0,0,0,0,0,0,0,0,1,0,0,0,0,1238.0,2,2,0,0,1,1,0.304,0.4925531914893617
1,1,0,3563,0,0,0,0,0,0,0,1,1,0,0,0,0,0,0,0,0,0,0,0,0,0,0,0,0,0,0,1,0,0,0,0,4631.0,2,2,1,0,0,1,0.475,0.7117021276595744
1,1,1,834,1,5,0,0,0,0,0,1,1,0,0,0,0,0,0,0,0,0,0,0,0,0,0,0,0,0,0,1,0,0,0,0,432.0,2,2,1,0,1,0,0.349,0.551063829787234
1,1,0,417,8,4,1,0,0,0,0,1,0,0,0,0,0,0,1,0,0,0,0,0,0,0,0,0,0,0,0,1,0,0,0,0,1302.0,2,2,2,0,0,0,0.371,0.5765957446808511
1,1,0,83,0,0,0,0,0,0,0,1,0,0,0,0,0,0,1,0,0,0,0,0,0,0,0,0,0,0,0,1,0,0,0,0,11232.0,1,1,0,1,0,0,0.475,0.7117021276595744
1,1,0,597,3,18,0,0,1,0,0,1,0,0,0,0,0,0,0,1,0,0,0,0,0,0,0,0,0,0,0,1,0,0,0,0,0.0,0,0,0,0,0,0,0.245,0.4106382978723404
1,1,1,587,2,2,0,0,0,0,0,1,0,0,0,0,0,0,0,0,1,0,0,0,0,0,0,0,0,0,0,1,0,0,0,0,500.0,2,2,2,0,0,0,0.309,0.5
1,1,1,815,0,4,1,1,1,0,0,1,0,0,0,0,0,0,0,1,0,0,0,0,0,0,0,0,0,0,0,1,0,0,0,0,975.0,1,1,1,0,0,0,0.408,0.6191489361702127
1,1,1,772,0,0,80,0,4,0,0,1,0,0,0,0,0,0,0,1,0,0,0,0,0,0,0,0,0,0,0,1,0,0,0,0,0.0,0,0,0,0,0,0,0.555,0.8095744680851064
1,1,0,769,0,0,0,0,0,0,0,1,0,1,0,0,0,0,0,0,0,0,0,0,0,0,0,0,0,0,0,1,0,0,0,0,483.0,1,1,0,0,0,1,0.212,0.3553191489361702
1,1,0,517,5,2,0,0,0,0,0,1,0,0,0,1,0,0,0,0,0,0,0,0,0,0,0,0,0,0,0,1,0,0,0,0,1264.0,2,2,1,0,0,1,0.34,0.5382978723404256
1,1,1,711,4,8,5,0,2,0,0,1,0,0,0,0,0,0,0,0,0,0,1,0,0,0,0,0,0,0,0,1,0,0,0,0,1654.0,1,1,1,0,0,0,0.557,0.8159574468085107
0,1,0,700,5,9,0,0,0,0,0,1,0,0,0,0,0,0,1,0,0,0,0,0,0,0,0,0,0,0,0,1,0,0,0,0,1101.0,2,1,2,0,0,0,0.342,0.5425531914893617
1,1,0,639,0,0,0,3,0,1,0,1,0,0,0,0,0,0,0,1,0,0,0,0,0,0,0,0,0,0,0,1,0,0,0,0,104.0,1,1,1,0,0,0,0.203,0.3361702127659574
1,1,0,0,0,0,0,0,0,0,0,1,0,0,0,0,0,0,0,1,0,0,0,0,0,0,0,0,0,0,0,1,0,0,0,0,0.0,0,0,0,0,0,0,0.075,0.0914893617021276
1,1,0,365,4,4,0,0,0,0,0,1,0,0,0,1,0,0,0,0,0,0,0,0,0,0,0,0,0,0,0,1,0,0,0,0,8186.0,3,3,0,0,0,3,0.555,0.8095744680851064
1,1,1,327,0,0,0,0,0,0,0,1,0,0,0,0,0,0,0,0,0,1,0,0,0,0,0,0,0,0,0,1,0,0,0,0,3899.0,5,4,5,0,0,0,0.55,0.8
0,0,0,706,0,0,0,0,0,0,1,0,0,0,0,0,0,0,0,0,0,0,0,0,0,0,0,1,0,0,0,1,0,0,0,0,0.0,0,0,0,0,0,0,0.077,0.102127659574468
1,1,0,584,2,21,1,0,4,0,0,1,0,1,0,0,0,0,0,0,0,0,0,0,0,0,0,0,0,0,0,1,0,0,0,0,1869.0,4,4,1,0,0,3,0.471,0.7021276595744681
1,1,0,584,1,11,0,0,2,0,0,1,0,0,0,0,0,0,0,0,0,0,0,0,1,0,0,0,0,0,0,1,0,0,0,0,2152.0,1,1,1,0,0,0,0.485,0.7244680851063829
1,1,1,584,1,12,2,0,0,1,0,1,0,1,0,0,0,0,0,0,0,0,0,0,0,0,0,0,0,0,0,1,0,0,0,0,5465.0,5,3,5,0,0,0,0.685,0.9446808510638298
1,1,0,568,19,11,2,0,0,0,0,1,0,0,0,0,0,0,1,0,0,0,0,0,0,0,0,0,0,0,0,1,0,0,0,0,0.0,0,0,0,0,0,0,0.252,0.4159574468085106
1,1,1,568,10,7,2,0,0,0,0,1,0,0,0,0,0,0,1,0,0,0,0,0,0,0,0,0,0,0,0,1,0,0,0,0,0.0,0,0,0,0,0,0,0.327,0.5319148936170213
1,1,0,303,1,10,0,0,0,0,0,1,0,0,0,0,1,0,0,0,0,0,0,0,0,0,0,0,0,0,0,1,0,0,0,0,213.0,1,1,1,0,0,0,0.232,0.3968085106382978
1,1,0,284,4,3,0,0,0,0,0,1,0,0,0,0,0,0,0,0,0,0,0,0,0,0,0,1,0,0,0,1,0,0,0,0,1860.0,4,2,4,0,0,0,0.38,0.5851063829787234
1,1,0,568,2,7,0,0,0,0,0,1,0,0,0,0,0,0,0,0,0,0,0,0,0,0,0,1,0,0,0,1,0,0,0,0,6024.0,3,3,0,0,0,3,0.565,0.8276595744680851
1,1,0,562,0,16,0,0,0,0,0,1,0,0,0,0,0,0,0,1,0,0,0,0,0,0,0,0,0,0,0,1,0,0,0,0,2121.0,5,3,3,0,1,1,0.469,0.698936170212766
1,1,0,232,0,2,1,0,0,0,0,1,0,0,0,0,0,0,0,1,0,0,0,0,0,0,0,0,0,0,0,1,0,0,0,0,0.0,0,0,0,0,0,0,0.128,0.1882978723404255
0,1,0,207,0,1,0,0,0,0,0,1,0,1,0,0,0,0,0,0,0,0,0,0,0,0,0,0,0,0,0,1,0,0,0,0,5321.0,9,5,7,0,0,2,0.455,0.6787234042553192
1,1,0,257,0,0,0,0,0,0,0,1,0,0,0,0,0,0,0,1,0,0,0,0,0,0,0,0,0,0,0,1,0,0,0,0,748.0,2,2,0,0,0,2,0.185,0.298936170212766
1,1,1,506,0,5,1,0,0,0,0,1,0,0,0,0,0,0,0,1,0,0,0,0,0,0,0,0,0,0,0,1,0,0,0,0,3236.0,4,3,3,0,0,1,0.608,0.8819148936170212
1,1,0,516,1,4,1,0,0,0,0,1,0,0,0,0,0,0,0,1,0,0,0,0,0,0,0,0,0,0,0,1,0,0,0,0,0.0,0,0,0,0,0,0,0.189,0.3138297872340425
1,1,1,74,0,0,0,0,0,0,0,0,0,0,0,0,0,0,0,1,0,0,0,0,0,0,0,0,0,0,0,1,0,0,0,0,365.0,1,1,1,0,0,0,0.198,0.3287234042553191
0,0,1,522,3,3,1,0,1,0,0,1,0,0,0,1,0,0,0,0,0,0,0,0,0,0,0,0,0,0,0,1,0,0,0,0,211.0,1,1,1,0,0,0,0.228,0.3904255319148936
1,1,1,454,3,19,0,0,1,0,0,1,0,0,0,0,1,0,0,0,0,0,0,0,0,0,0,0,0,0,0,1,0,0,0,0,7848.0,5,4,4,0,0,1,0.655,0.9297872340425531
1,1,0,506,3,21,1,1,0,0,0,1,0,0,0,1,0,0,0,0,0,0,0,0,0,0,0,0,0,0,0,1,0,0,0,0,5355.0,6,6,5,0,0,1,0.592,0.8585106382978723
0,0,0,24,0,0,0,0,0,0,0,1,0,1,0,0,0,0,0,0,0,0,0,0,0,0,0,0,0,0,0,1,0,0,0,0,0.0,0,0,0,0,0,0,0.003,0.0095744680851063
1,1,1,165,1,0,0,0,0,0,0,1,0,0,0,0,1,0,0,0,0,0,0,0,0,0,0,0,0,0,0,1,0,0,0,0,0.0,0,0,0,0,0,0,0.178,0.2840425531914893
1,1,1,494,1,16,0,0,0,0,1,0,0,1,0,0,0,0,0,0,0,0,0,0,0,0,0,0,0,0,0,1,0,0,0,0,10125.0,3,3,1,0,2,0,0.65,0.9202127659574468
0,1,1,154,0,3,0,0,0,0,0,1,0,1,0,0,0,0,0,0,0,0,0,0,0,0,0,0,0,0,0,1,0,0,0,0,1834.0,1,1,1,0,0,0,0.368,0.5723404255319149
0,0,1,96,0,0,3,0,0,0,0,0,0,0,0,0,0,0,0,0,0,0,1,0,0,0,0,0,0,0,1,0,0,0,0,0,0.0,0,0,0,0,0,0,0.108,0.1542553191489361
0,0,0,96,0,0,1,0,0,0,0,1,1,0,0,0,0,0,0,0,0,0,0,0,0,0,0,0,0,0,0,1,0,0,0,0,0.0,0,0,0,0,0,0,0.018,0.0361702127659574
1,1,1,418,1,1,0,0,0,0,0,1,0,0,0,1,0,0,0,0,0,0,0,0,0,0,0,0,0,0,0,1,0,0,0,0,0.0,0,0,0,0,0,0,0.216,0.3638297872340426
0,1,1,187,19,5,0,0,0,0,0,1,0,0,0,0,0,0,1,0,0,0,0,0,0,0,0,0,0,0,0,1,0,0,0,0,195.0,1,1,1,0,0,0,0.262,0.4329787234042553
1,1,0,39,0,0,0,0,0,0,0,1,0,0,0,0,0,0,1,0,0,0,0,0,0,0,0,0,0,0,0,1,0,0,0,0,0.0,0,0,0,0,0,0,0.079,0.1148936170212766
0,1,0,404,0,8,0,0,0,0,0,1,0,0,0,1,0,0,0,0,0,0,0,0,0,0,0,0,0,0,0,1,0,0,0,0,7908.0,2,2,0,0,1,1,0.525,0.7680851063829788
1,1,0,70,0,0,0,0,0,0,0,1,0,0,0,0,0,0,0,1,0,0,0,0,0,0,0,0,0,0,0,1,0,0,0,0,231.0,1,1,1,0,0,0,0.108,0.1542553191489361
1,1,1,383,2,7,0,0,0,0,0,1,1,0,0,0,0,0,0,0,0,0,0,0,0,0,0,0,0,0,0,1,0,0,0,0,670.0,2,2,2,0,0,0,0.355,0.5595744680851064
1,1,0,377,0,5,0,0,0,0,0,1,1,0,0,0,0,0,0,0,0,0,0,0,0,0,0,0,0,0,0,1,0,0,0,0,477.0,1,1,1,0,0,0,0.219,0.3702127659574468
1,1,0,372,2,14,0,0,2,0,0,1,0,0,0,0,1,0,0,0,0,0,0,0,0,0,0,0,0,0,0,1,0,0,0,0,0.0,0,0,0,0,0,0,0.226,0.3797872340425532
1,1,0,374,1,14,0,0,0,0,0,1,0,0,0,0,1,0,0,0,0,0,0,0,0,0,0,0,0,0,0,1,0,0,0,0,0.0,0,0,0,0,0,0,0.216,0.3638297872340426
1,1,1,61,0,0,0,0,0,0,0,1,0,0,0,0,0,0,0,1,0,0,0,0,0,0,0,0,0,0,0,1,0,0,0,0,0.0,0,0,0,0,0,0,0.157,0.25
0,1,1,135,0,0,0,0,0,0,0,1,0,0,0,0,0,0,0,1,0,0,0,0,0,0,0,0,0,0,0,1,0,0,0,0,0.0,0,0,0,0,0,0,0.135,0.2074468085106383
1,1,1,282,1,2,3,0,1,0,0,1,0,0,0,0,0,0,0,0,0,0,0,0,0,0,0,1,0,0,0,1,0,0,0,0,790.0,1,1,0,0,0,1,0.325,0.5297872340425532
1,1,0,330,0,0,0,0,0,0,0,1,1,0,0,0,0,0,0,0,0,0,0,0,0,0,0,0,0,0,0,1,0,0,0,0,850.0,2,2,1,0,0,1,0.204,0.3414893617021277
0,1,0,342,1,2,0,0,0,0,0,1,0,0,0,0,0,0,0,1,0,0,0,0,0,0,0,0,0,0,0,1,0,0,0,0,1246.0,2,2,1,0,0,1,0.249,0.4127659574468085
1,1,1,326,2,3,1,0,0,0,0,1,0,0,0,0,0,0,0,0,0,0,0,0,0,0,0,1,0,0,0,1,0,0,0,0,6558.0,2,2,1,0,0,1,0.608,0.8819148936170212
1,1,1,102,1,0,0,0,0,0,0,1,0,0,0,0,0,0,0,0,0,0,0,0,0,0,0,1,0,0,0,1,0,0,0,0,0.0,0,0,0,0,0,0,0.171,0.2712765957446808
0,0,0,294,0,0,12,0,0,0,0,1,0,0,0,0,0,0,0,1,0,0,0,0,0,0,0,0,0,0,0,1,0,0,0,0,0.0,0,0,0,0,0,0,0.122,0.1808510638297872
1,1,0,264,0,0,0,0,0,0,0,1,0,0,0,0,0,0,0,0,0,0,0,0,0,0,0,1,1,0,0,0,0,0,0,0,1109.0,5,5,2,0,0,3,0.225,0.375531914893617
1,1,0,219,0,6,0,0,0,0,0,1,0,0,0,1,0,0,0,0,0,0,0,0,0,0,0,0,0,0,0,1,0,0,0,0,64.0,1,1,1,0,0,0,0.166,0.2627659574468085
1,1,0,219,0,8,0,0,0,0,0,1,0,0,0,0,1,0,0,0,0,0,0,0,0,0,0,0,0,0,0,1,0,0,0,0,1700.0,1,1,1,0,0,0,0.365,0.5680851063829787
1,1,0,219,1,8,0,0,0,0,0,1,0,0,0,0,0,0,0,1,0,0,0,0,0,0,0,0,0,0,0,1,0,0,0,0,1738.0,2,1,2,0,0,0,0.379,0.5829787234042553
1,1,1,219,1,5,0,0,0,0,0,1,0,1,0,0,0,0,0,0,0,0,0,0,0,0,0,0,0,0,0,1,0,0,0,0,2074.0,3,2,2,0,0,1,0.461,0.6861702127659575
1,1,1,218,1,3,0,0,0,0,0,1,0,1,0,0,0,0,0,0,0,0,0,0,0,0,0,0,0,0,0,1,0,0,0,0,0.0,3,3,3,0,0,0,0.214,0.3595744680851064
1,1,1,218,1,5,0,0,0,0,0,1,0,1,0,0,0,0,0,0,0,0,0,0,0,0,0,0,0,0,0,1,0,0,0,0,336.0,1,1,1,0,0,0,0.271,0.451063829787234
1,1,0,7,0,0,0,0,0,0,0,1,0,0,0,0,0,0,0,1,0,0,0,0,0,0,0,0,0,0,0,1,0,0,0,0,92.0,1,1,0,0,0,1,0.086,0.126595744680851
1,1,0,8,0,0,0,0,0,0,0,1,0,0,0,0,0,0,0,1,0,0,0,0,0,0,0,0,0,0,0,1,0,0,0,0,0.0,0,0,0,0,0,0,0.076,0.0968085106382978
0,1,0,203,0,2,0,0,0,0,0,1,0,0,0,1,0,0,0,0,0,0,0,0,0,0,0,0,0,0,0,1,0,0,0,0,928.0,1,1,1,0,0,0,0.189,0.3138297872340425
1,1,0,159,0,4,0,0,0,0,0,1,0,0,0,0,0,0,1,0,0,0,0,0,0,0,0,0,0,0,0,1,0,0,0,0,1343.0,2,2,1,0,0,1,0.28,0.4691489361702127
1,1,1,203,1,3,0,0,0,0,0,1,1,0,0,0,0,0,0,0,0,0,0,0,0,0,0,0,0,0,0,1,0,0,0,0,0.0,0,0,0,0,0,0,0.212,0.3553191489361702
1,1,0,198,0,3,0,0,0,0,0,1,0,0,0,0,0,0,1,0,0,0,0,0,0,0,0,0,0,0,0,1,0,0,0,0,1796.0,2,2,1,0,0,1,0.324,0.5276595744680851
0,1,0,197,0,4,0,0,0,0,0,1,0,0,0,1,0,0,0,0,0,0,0,0,0,0,0,0,0,0,0,1,0,0,0,0,3650.0,1,1,1,0,0,0,0.485,0.7244680851063829
1,1,0,176,0,0,0,0,0,0,0,1,0,0,0,0,0,0,0,0,0,0,0,0,0,0,0,1,0,0,0,1,0,0,0,0,816.0,1,1,0,0,0,1,0.184,0.2946808510638298
0,0,0,1,0,0,0,0,0,0,0,1,1,0,0,0,0,0,0,0,0,0,0,0,0,0,0,0,0,0,0,1,0,0,0,0,365.0,1,1,0,0,0,1,0.04,0.0574468085106383
1,1,1,158,0,6,0,0,0,0,0,1,0,0,0,0,0,0,0,0,0,0,0,0,0,0,0,1,0,0,0,1,0,0,0,0,825.0,3,2,3,0,0,0,0.318,0.5106382978723404
1,1,0,135,0,0,0,0,0,0,0,1,1,0,0,0,0,0,0,0,0,0,0,0,0,0,0,0,0,0,0,1,0,0,0,0,1848.0,2,2,1,0,0,1,0.292,0.4840425531914893
1,1,0,191,0,0,0,0,0,0,0,1,0,0,0,0,0,0,0,1,0,0,0,0,0,0,0,0,0,0,0,1,0,0,0,0,392.0,1,1,1,0,0,0,0.139,0.2180851063829787
1,1,1,188,0,2,0,0,0,0,0,1,0,0,0,0,0,0,0,0,0,0,0,0,0,0,0,1,0,0,0,1,0,0,0,0,759.0,1,1,0,0,0,0,0.274,0.4553191489361702
1,1,1,184,0,0,0,0,0,0,0,1,1,0,0,0,0,0,0,0,0,0,0,0,0,0,0,0,0,0,0,1,0,0,0,0,235.0,1,1,1,0,0,0,0.196,0.325531914893617
1,1,0,102,0,0,0,0,0,0,0,1,0,0,0,0,0,1,0,0,0,0,0,0,0,0,0,0,0,0,0,1,0,0,0,0,449.0,2,2,1,0,0,1,0.135,0.2074468085106383
1,1,0,102,0,0,0,0,0,0,0,1,0,0,0,0,0,1,0,0,0,0,0,0,0,0,0,0,0,0,0,1,0,0,0,0,428.0,2,1,2,0,0,0,0.133,0.201063829787234
1,1,0,178,1,2,0,0,0,0,0,1,0,0,0,0,0,1,0,0,0,0,0,0,0,0,0,0,0,0,0,1,0,0,0,0,2087.0,2,2,2,0,0,0,0.353,0.5563829787234043
1,1,1,177,0,0,2,0,0,0,0,1,1,0,0,0,0,0,0,0,0,0,0,0,0,0,0,0,0,0,0,1,0,0,0,0,1831.0,1,1,1,0,0,0,0.385,0.5914893617021276
1,1,1,171,3,9,0,0,0,0,0,1,0,0,0,0,1,0,0,0,0,0,0,0,0,0,0,0,0,0,0,1,0,0,0,0,4058.0,1,1,1,0,0,0,0.65,0.9202127659574468
0,0,0,167,0,0,0,1,0,0,0,0,0,0,0,0,0,0,0,0,0,0,0,0,0,0,0,1,0,0,0,1,0,0,0,0,0.0,0,0,0,0,0,0,0.027,0.0478723404255319
0,0,0,171,0,0,0,0,0,0,1,0,0,0,0,0,0,0,0,1,0,0,0,0,0,0,0,0,0,0,0,1,0,0,0,0,0.0,0,0,0,0,0,0,0.019,0.0393617021276595
1,1,1,157,0,3,2,6,12,0,0,1,0,0,0,0,0,0,0,0,0,0,1,0,0,0,0,0,0,0,0,1,0,0,0,0,2688.0,3,3,3,0,0,0,0.611,0.8851063829787233
1,1,1,157,0,4,0,0,0,0,0,1,0,0,0,0,1,0,0,0,0,0,0,0,0,0,0,0,0,0,0,1,0,0,0,0,0.0,0,0,0,0,0,0,0.207,0.3457446808510638
1,1,0,157,1,0,0,0,0,0,0,1,0,1,0,0,0,0,0,0,0,0,0,0,0,0,0,0,0,0,0,1,0,0,0,0,0.0,0,0,0,0,0,0,0.102,0.1468085106382978
0,0,0,143,0,0,0,0,0,0,1,0,1,0,0,0,0,0,0,0,0,0,0,0,0,0,0,0,0,0,0,1,0,0,0,0,0.0,0,0,0,0,0,0,0.016,0.0329787234042553
0,1,1,86,0,0,0,0,0,0,0,1,0,0,0,0,0,0,0,1,0,0,0,0,0,0,0,0,0,0,0,1,0,0,0,0,1440.0,1,1,0,0,0,0,0.287,0.4797872340425532
0,1,1,47,0,0,0,0,0,0,0,1,0,0,0,0,0,0,0,0,0,0,0,0,0,0,0,1,0,0,0,1,0,0,0,0,8154.0,7,6,1,0,0,6,0.52,0.7585106382978724
1,1,0,99,0,0,0,0,0,0,0,1,0,0,0,0,0,0,0,1,0,0,0,0,0,0,0,0,0,0,0,1,0,0,0,0,1696.0,4,4,0,0,3,1,0.272,0.4531914893617021
0,0,0,98,0,0,0,0,0,0,0,1,0,0,0,0,0,0,0,1,0,0,0,0,0,0,0,0,0,0,0,1,0,0,0,0,0.0,0,0,0,0,0,0,0.011,0.0276595744680851
1,1,0,66,0,0,0,0,0,0,0,1,0,0,0,0,0,0,0,1,0,0,0,0,0,0,0,0,0,0,0,1,0,0,0,0,0.0,0,0,0,0,0,0,0.082,0.1202127659574468
1,1,0,66,0,0,0,0,0,0,0,1,0,0,0,0,0,0,0,1,0,0,0,0,0,0,0,0,0,0,0,1,0,0,0,0,0.0,0,0,0,0,0,0,0.082,0.1202127659574468
1,1,1,65,0,0,0,0,0,0,0,1,1,0,0,0,0,0,0,0,0,0,0,0,0,0,0,0,0,0,0,1,0,0,0,0,1826.0,1,1,1,0,0,0,0.357,0.5617021276595745
0,1,1,42,0,0,0,0,0,0,1,0,0,0,0,0,0,0,0,1,0,0,0,0,0,0,0,0,0,0,0,0,0,0,1,0,129.0,1,1,1,0,0,0,0.139,0.2180851063829787
1,1,0,51,0,0,0,0,0,0,0,0,0,0,0,0,0,0,0,1,0,0,0,0,0,0,0,0,0,0,0,1,0,0,0,0,8864.0,7,7,1,0,0,6,0.475,0.7117021276595744
1,1,0,40,0,1,0,0,0,0,0,1,0,0,0,0,0,0,1,0,0,0,0,0,0,0,0,0,0,0,0,1,0,0,0,0,2669.0,6,5,1,0,0,2,0.382,0.5872340425531914
0,1,0,39,0,0,0,0,0,0,0,1,0,0,0,0,0,0,0,0,0,0,0,0,0,0,0,1,0,0,0,1,0,0,0,0,0.0,0,0,0,0,0,0,0.049,0.0680851063829787
1,1,1,37,1,0,0,0,0,0,0,1,0,0,0,0,0,0,0,1,0,0,0,0,0,0,0,0,0,0,0,1,0,0,0,0,1036.0,3,3,0,0,1,2,0.278,0.4627659574468085
1,1,1,35,0,0,0,0,0,0,0,1,0,0,0,0,0,0,0,1,0,0,0,0,0,0,0,0,0,0,0,1,0,0,0,0,165.0,1,1,1,0,0,0,0.172,0.275531914893617
0,0,0,170,0,0,0,0,0,0,0,0,0,0,0,0,0,0,0,0,0,0,0,0,0,0,0,1,0,0,0,1,0,0,0,0,0.0,0,0,0,0,0,0,0.019,0.0393617021276595
1,1,1,27,0,0,0,0,0,0,0,1,0,0,0,0,0,0,0,0,0,0,0,0,0,0,0,1,0,0,0,1,0,0,0,0,9274.0,4,2,2,0,0,2,0.55,0.8
1,1,0,27,0,0,0,0,0,0,0,1,0,0,0,0,0,0,0,1,0,0,0,0,0,0,0,0,0,0,0,1,0,0,0,0,0.0,0,0,0,0,0,0,0.078,0.1085106382978723
